Country Name,Country Code,Series Name,Series Code,2017 [YR2017],2018 [YR2018],2019 [YR2019],2020 [YR2020],2021 [YR2021],2022 [YR2022],2023 [YR2023],2024 [YR2024],,
Afghanistan,AFG,"Population, total",SP.POP.TOTL,35688935,36743039,37856121,39068979,40000412,40578842,41454761,..,,
Afghanistan,AFG,GDP (current US$),NY.GDP.MKTP.CD,18753456498,18053222687,18799444490,19955929052,14259995441,14497243872,17233051620,..,,
Afghanistan,AFG,Current health expenditure (% of GDP),SH.XPD.CHEX.GD.ZS,12.62081718,14.20841885,14.83131981,15.53361416,21.508461,23.0881691,..,..,,
Albania,ALB,"Population, total",SP.POP.TOTL,2873457,2866376,2854191,2837849,2811666,2777689,2745972,..,,
Albania,ALB,GDP (current US$),NY.GDP.MKTP.CD,13019726212,15379509892,15585105131,15241458745,18032010564,19017242586,23547179830,..,,
Albania,ALB,Current health expenditure (% of GDP),SH.XPD.CHEX.GD.ZS,6.57848787,6.66844559,6.86214113,7.50389433,7.39913177,6.19368076,..,..,,
Algeria,DZA,"Population, total",SP.POP.TOTL,41689299,42505035,43294546,44042091,44761099,45477389,46164219,..,,
Algeria,DZA,GDP (current US$),NY.GDP.MKTP.CD,1.89881E+11,1.94554E+11,1.9346E+11,1.64873E+11,1.86231E+11,2.25638E+11,2.47626E+11,..,,
Algeria,DZA,Current health expenditure (% of GDP),SH.XPD.CHEX.GD.ZS,5.94846106,5.93238592,5.41731071,5.63831711,5.0110569,3.6230433,..,..,,
American Samoa,ASM,"Population, total",SP.POP.TOTL,51586,50908,50209,49761,49225,48342,47521,..,,
American Samoa,ASM,GDP (current US$),NY.GDP.MKTP.CD,612000000,639000000,647000000,721000000,750000000,871000000,..,..,,
American Samoa,ASM,Current health expenditure (% of GDP),SH.XPD.CHEX.GD.ZS,..,..,..,..,..,..,..,..,,
Andorra,AND,"Population, total",SP.POP.TOTL,73763,75162,76474,77380,78364,79705,80856,..,,
Andorra,AND,GDP (current US$),NY.GDP.MKTP.CD,3000162081,3218419897,3155149348,2891001149,3324647529,3380612573,3785067332,..,,
Andorra,AND,Current health expenditure (% of GDP),SH.XPD.CHEX.GD.ZS,7.07142639,7.37541723,7.323246,8.78673935,8.33450699,7.53678846,7.92821121,..,,
Angola,AGO,"Population, total",SP.POP.TOTL,30234839,31297155,32375632,33451132,34532429,35635029,36749906,..,,
Angola,AGO,GDP (current US$),NY.GDP.MKTP.CD,73690154991,79450688259,70897962732,48501561204,66505129988,1.044E+11,84824654482,..,,
Angola,AGO,Current health expenditure (% of GDP),SH.XPD.CHEX.GD.ZS,2.79383755,2.59482241,2.47518778,3.27488494,3.09277129,2.92737579,..,..,,
Antigua and Barbuda,ATG,"Population, total",SP.POP.TOTL,90468,90926,91364,91846,92349,92840,93316,..,,
Antigua and Barbuda,ATG,GDP (current US$),NY.GDP.MKTP.CD,1531151852,1661529630,1725351852,1410796296,1601366667,1867733333,2033085185,..,,
Antigua and Barbuda,ATG,Current health expenditure (% of GDP),SH.XPD.CHEX.GD.ZS,4.87493944,4.85204983,4.40662289,5.72944784,4.99196768,5.7299943,..,..,,
Argentina,ARG,"Population, total",SP.POP.TOTL,44288894,44654882,44973465,45191965,45312281,45407904,45538401,..,,
Argentina,ARG,GDP (current US$),NY.GDP.MKTP.CD,6.43628E+11,5.2482E+11,4.47755E+11,3.85741E+11,4.86564E+11,6.3279E+11,6.46075E+11,..,,
Argentina,ARG,Current health expenditure (% of GDP),SH.XPD.CHEX.GD.ZS,10.23174763,10.29146862,10.1555109,10.45030594,10.03832245,9.86305332,..,..,,
Armenia,ARM,"Population, total",SP.POP.TOTL,2979400,2969000,2962500,2961500,2962300,2969200,2990900,..,,
Armenia,ARM,GDP (current US$),NY.GDP.MKTP.CD,11527458709,12457940695,13619290539,12641698583,13878908629,19513506553,24085749592,..,,
Armenia,ARM,Current health expenditure (% of GDP),SH.XPD.CHEX.GD.ZS,10.36270332,10.00543404,11.3798008,12.24056244,12.32268524,9.96212864,..,..,,
Aruba,ABW,"Population, total",SP.POP.TOTL,108735,108908,109203,108587,107700,107310,107359,..,,
Aruba,ABW,GDP (current US$),NY.GDP.MKTP.CD,3092429050,3276184358,3395798883,2481857123,2929446578,3279343544,3648573136,..,,
Aruba,ABW,Current health expenditure (% of GDP),SH.XPD.CHEX.GD.ZS,..,..,..,..,..,..,..,..,,
Australia,AUS,"Population, total",SP.POP.TOTL,24592588,24963258,25334826,25649248,25685412,26014399,26658948,..,,
Australia,AUS,GDP (current US$),NY.GDP.MKTP.CD,1.32558E+12,1.42781E+12,1.39272E+12,1.32841E+12,1.55674E+12,1.69086E+12,1.72806E+12,..,,
Australia,AUS,Current health expenditure (% of GDP),SH.XPD.CHEX.GD.ZS,10.11242294,10.05163097,10.21285057,10.66040134,10.42525291,9.92687893,..,..,,
Austria,AUT,"Population, total",SP.POP.TOTL,8797566,8840521,8879920,8916864,8955797,9041851,9131761,..,,
Austria,AUT,GDP (current US$),NY.GDP.MKTP.CD,4.14926E+11,4.52582E+11,4.42984E+11,4.34398E+11,4.80467E+11,4.71774E+11,5.11685E+11,..,,
Austria,AUT,Current health expenditure (% of GDP),SH.XPD.CHEX.GD.ZS,10.38402557,10.34885597,10.48753643,11.31641102,12.15228558,11.15729332,10.87779903,..,,
Azerbaijan,AZE,"Population, total",SP.POP.TOTL,9854033,9939771,10024283,10093121,10137750,10141756,10153958,..,,
Azerbaijan,AZE,GDP (current US$),NY.GDP.MKTP.CD,40866627352,47112470052,48174235294,42693000000,54825411765,78807470588,72356176471,..,,
Azerbaijan,AZE,Current health expenditure (% of GDP),SH.XPD.CHEX.GD.ZS,4.07396507,3.83661342,4.18188763,5.84817696,4.68526697,3.97840643,..,..,,
"Bahamas, The",BHS,"Population, total",SP.POP.TOTL,390485,392717,394675,395863,396373,397538,399440,..,,
"Bahamas, The",BHS,GDP (current US$),NY.GDP.MKTP.CD,12236700000,12615800000,13016200000,9958200000,11368900000,13136400000,14338500000,..,,
"Bahamas, The",BHS,Current health expenditure (% of GDP),SH.XPD.CHEX.GD.ZS,6.75126934,6.02687502,5.86800623,7.59303093,7.0057478,7.21692038,..,..,,
Bahrain,BHR,"Population, total",SP.POP.TOTL,1501116,1503091,1483756,1472204,1504365,1524693,1577059,..,,
Bahrain,BHR,GDP (current US$),NY.GDP.MKTP.CD,37204813830,39567978723,40446808511,35837632979,40840212766,46680398936,46079867021,..,,
Bahrain,BHR,Current health expenditure (% of GDP),SH.XPD.CHEX.GD.ZS,4.51235676,4.12745667,3.95980334,4.7196188,4.49223804,3.83745313,..,..,,
Bangladesh,BGD,"Population, total",SP.POP.TOTL,162186147,163523103,164913055,166298024,167658854,169384897,171466990,..,,
Bangladesh,BGD,GDP (current US$),NY.GDP.MKTP.CD,2.93732E+11,3.21363E+11,3.51232E+11,3.73979E+11,4.16272E+11,4.60132E+11,4.37415E+11,..,,
Bangladesh,BGD,Current health expenditure (% of GDP),SH.XPD.CHEX.GD.ZS,2.36720181,2.31622243,2.25762248,2.27063942,2.36551309,2.39038587,..,..,,
Barbados,BRB,"Population, total",SP.POP.TOTL,280171,280711,281207,281698,282147,282318,282336,..,,
Barbados,BRB,GDP (current US$),NY.GDP.MKTP.CD,5517340450,5629916200,5788288000,5168344450,5275242050,6257303500,6720733200,..,,
Barbados,BRB,Current health expenditure (% of GDP),SH.XPD.CHEX.GD.ZS,6.64785957,6.43943882,6.12043858,7.27405739,7.93866014,6.29389191,..,..,,
Belarus,BLR,"Population, total",SP.POP.TOTL,9458989,9438785,9419758,9379952,9302585,9228071,9178298,..,,
Belarus,BLR,GDP (current US$),NY.GDP.MKTP.CD,54725302250,60031173808,64410122847,61371755326,69673747132,73775179925,71857382746,..,,
Belarus,BLR,Current health expenditure (% of GDP),SH.XPD.CHEX.GD.ZS,5.75974846,5.52699471,5.86133814,6.40607214,6.56549978,6.65919876,..,..,,
Belgium,BEL,"Population, total",SP.POP.TOTL,11375158,11427054,11488980,11538604,11586195,11680210,11787423,..,,
Belgium,BEL,GDP (current US$),NY.GDP.MKTP.CD,5.00909E+11,5.42639E+11,5.36726E+11,5.29694E+11,5.98494E+11,5.93439E+11,6.44783E+11,..,,
Belgium,BEL,Current health expenditure (% of GDP),SH.XPD.CHEX.GD.ZS,10.80117512,10.86121368,10.75969219,11.26481915,11.04724503,10.76192474,..,..,,
Belize,BLZ,"Population, total",SP.POP.TOTL,373202,380226,385829,390812,395346,402733,411106,..,,
Belize,BLZ,GDP (current US$),NY.GDP.MKTP.CD,2266300000,2293250000,2388300000,2042850000,2420550000,2846700000,3066850000,..,,
Belize,BLZ,Current health expenditure (% of GDP),SH.XPD.CHEX.GD.ZS,4.63350248,4.76723623,4.84424496,5.35447645,5.05842113,4.23173904,..,..,,
Benin,BEN,"Population, total",SP.POP.TOTL,12039780,12383347,12726755,13070169,13413417,13759501,14111034,..,,
Benin,BEN,GDP (current US$),NY.GDP.MKTP.CD,12701655846,14262408080,14391686309,15651545209,17690083520,17401746309,19676049076,..,,
Benin,BEN,Current health expenditure (% of GDP),SH.XPD.CHEX.GD.ZS,2.66813827,2.88632035,2.50914454,2.7123611,2.58129549,2.67981386,..,..,,
Bermuda,BMU,"Population, total",SP.POP.TOTL,63578,63831,64107,64382,64648,64749,64698,..,,
Bermuda,BMU,GDP (current US$),NY.GDP.MKTP.CD,7142316000,7225977000,7423465000,6887147000,7286607000,7827980000,8141700000,..,,
Bermuda,BMU,Current health expenditure (% of GDP),SH.XPD.CHEX.GD.ZS,..,..,..,..,..,..,..,..,,
Bhutan,BTN,"Population, total",SP.POP.TOTL,754335,759759,764824,770006,775442,780914,786385,..,,
Bhutan,BTN,GDP (current US$),NY.GDP.MKTP.CD,2591358010,2583335721,2735683570,2457604334,2768802960,2898227743,..,..,,
Bhutan,BTN,Current health expenditure (% of GDP),SH.XPD.CHEX.GD.ZS,3.1345315,3.06896734,3.37511158,4.08451509,3.0729053,4.38545895,..,..,,
Bolivia,BOL,"Population, total",SP.POP.TOTL,11344587,11508368,11671386,11816299,11937360,12077154,12244159,..,,
Bolivia,BOL,GDP (current US$),NY.GDP.MKTP.CD,37508642165,40287647930,40895322844,36629843805,40406111695,44008282878,45135398009,..,,
Bolivia,BOL,Current health expenditure (% of GDP),SH.XPD.CHEX.GD.ZS,6.4901948,6.60399437,6.88792992,8.0225811,8.159729,8.43142891,..,..,,
Bosnia and Herzegovina,BIH,"Population, total",SP.POP.TOTL,3428682,3387000,3345533,3299349,3244907,3204802,3185073,..,,
Bosnia and Herzegovina,BIH,GDP (current US$),NY.GDP.MKTP.CD,18326373366,20484053869,20482608755,20226036564,23672712242,24534663636,27514782476,..,,
Bosnia and Herzegovina,BIH,Current health expenditure (% of GDP),SH.XPD.CHEX.GD.ZS,8.81797314,8.76100445,8.92544365,9.70311832,9.55514336,8.71644783,..,..,,
Botswana,BWA,"Population, total",SP.POP.TOTL,2266747,2299141,2332083,2365894,2401441,2439892,2480244,..,,
Botswana,BWA,GDP (current US$),NY.GDP.MKTP.CD,16105155857,17031943186,16725908149,14960291106,18750946600,20321958850,19396084498,..,,
Botswana,BWA,Current health expenditure (% of GDP),SH.XPD.CHEX.GD.ZS,6.62986994,6.04010344,6.12193203,6.1213398,6.30754805,5.72838593,..,..,,
Brazil,BRA,"Population, total",SP.POP.TOTL,204703445,206107261,207455459,208660842,209550294,210306415,211140729,..,,
Brazil,BRA,GDP (current US$),NY.GDP.MKTP.CD,2.06351E+12,1.91693E+12,1.87329E+12,1.47611E+12,1.67065E+12,1.95192E+12,2.17367E+12,..,,
Brazil,BRA,Current health expenditure (% of GDP),SH.XPD.CHEX.GD.ZS,9.47125053,9.46475029,9.61449146,9.62326527,9.63646507,9.14277458,..,..,,
British Virgin Islands,VGB,"Population, total",SP.POP.TOTL,32699,34657,36395,37135,37809,38319,38985,..,,
British Virgin Islands,VGB,GDP (current US$),NY.GDP.MKTP.CD,..,..,..,..,..,..,..,..,,
British Virgin Islands,VGB,Current health expenditure (% of GDP),SH.XPD.CHEX.GD.ZS,..,..,..,..,..,..,..,..,,
Brunei Darussalam,BRN,"Population, total",SP.POP.TOTL,432772,437810,442680,447404,451721,455370,458949,..,,
Brunei Darussalam,BRN,GDP (current US$),NY.GDP.MKTP.CD,12128168047,13566908401,13469235348,12005799664,14006496614,16681536443,15128292981,..,,
Brunei Darussalam,BRN,Current health expenditure (% of GDP),SH.XPD.CHEX.GD.ZS,2.27022862,2.41289377,2.2277422,2.45178461,2.14642429,1.81768215,..,..,,
Bulgaria,BGR,"Population, total",SP.POP.TOTL,7075947,7025037,6975761,6934015,6877743,6643324,6446596,..,,
Bulgaria,BGR,GDP (current US$),NY.GDP.MKTP.CD,59309748166,66289266349,68631726289,70716821235,84417951261,90642851836,1.02408E+11,..,,
Bulgaria,BGR,Current health expenditure (% of GDP),SH.XPD.CHEX.GD.ZS,7.49624491,7.33192015,7.09237671,8.48235893,8.61892796,7.66357517,..,..,,
Burkina Faso,BFA,"Population, total",SP.POP.TOTL,19894407,20438288,20961952,21478690,21995243,22509038,23025776,..,,
Burkina Faso,BFA,GDP (current US$),NY.GDP.MKTP.CD,14106955615,15890066221,16032813503,17725010533,19697516284,18820218691,20324617845,..,,
Burkina Faso,BFA,Current health expenditure (% of GDP),SH.XPD.CHEX.GD.ZS,6.05965996,4.9995389,5.36802721,6.57714844,6.40747881,6.77182007,..,..,,
Burundi,BDI,"Population, total",SP.POP.TOTL,11506762,11859446,12255336,12617036,12965481,13321097,13689450,..,,
Burundi,BDI,GDP (current US$),NY.GDP.MKTP.CD,2723586963,2667182200,2576518880,2649680261,2775798697,3338722828,2642161669,..,,
Burundi,BDI,Current health expenditure (% of GDP),SH.XPD.CHEX.GD.ZS,6.95275736,7.29396152,9.05010796,10.71837234,8.99484253,8.39522648,..,..,,
Cabo Verde,CPV,"Population, total",SP.POP.TOTL,512893,513415,514104,514679,516649,519741,522331,..,,
Cabo Verde,CPV,GDP (current US$),NY.GDP.MKTP.CD,1996741545,2205099509,2252177134,1821565618,2051842610,2247003348,2533819406,..,,
Cabo Verde,CPV,Current health expenditure (% of GDP),SH.XPD.CHEX.GD.ZS,4.74573231,4.76032305,4.47111464,6.63319778,7.316607,6.67440224,..,..,,
Cambodia,KHM,"Population, total",SP.POP.TOTL,16073372,16274522,16481304,16725474,16974305,17201724,17423880,..,,
Cambodia,KHM,GDP (current US$),NY.GDP.MKTP.CD,29355665910,33145892169,36685356408,34818073901,36790163687,39994532960,42335646896,..,,
Cambodia,KHM,Current health expenditure (% of GDP),SH.XPD.CHEX.GD.ZS,4.26933241,4.49707794,5.05801058,5.28458023,5.51976061,4.71089554,..,..,,
Cameroon,CMR,"Population, total",SP.POP.TOTL,24128601,24806383,25506095,26210558,26915758,27632771,28372687,..,,
Cameroon,CMR,GDP (current US$),NY.GDP.MKTP.CD,36098547033,39955552190,39667757528,40773241177,45011937347,44347206073,49279410983,..,,
Cameroon,CMR,Current health expenditure (% of GDP),SH.XPD.CHEX.GD.ZS,3.79293942,3.61970162,3.65157914,4.25051928,4.30539274,4.47835922,..,..,,
Canada,CAN,"Population, total",SP.POP.TOTL,36545075,37072620,37618495,38028638,38239864,38939056,40097761,..,,
Canada,CAN,GDP (current US$),NY.GDP.MKTP.CD,1.64927E+12,1.72533E+12,1.74373E+12,1.65568E+12,2.00747E+12,2.16148E+12,2.14247E+12,..,,
Canada,CAN,Current health expenditure (% of GDP),SH.XPD.CHEX.GD.ZS,10.93421078,10.94313335,11.05897045,13.02419472,12.41920948,11.23432541,11.22370815,..,,
Cayman Islands,CYM,"Population, total",SP.POP.TOTL,64535,65941,67327,68684,70108,71591,73038,..,,
Cayman Islands,CYM,GDP (current US$),NY.GDP.MKTP.CD,5166281305,5530178441,5941896608,5655358021,6060026520,6600843963,7139428558,..,,
Cayman Islands,CYM,Current health expenditure (% of GDP),SH.XPD.CHEX.GD.ZS,..,..,..,..,..,..,..,..,,
Central African Republic,CAF,"Population, total",SP.POP.TOTL,4793511,4878657,4944703,5026628,5112100,5098039,5152421,..,,
Central African Republic,CAF,GDP (current US$),NY.GDP.MKTP.CD,2072349973,2220979146,2221301351,2326720900,2516498412,2382618615,2555492085,..,,
Central African Republic,CAF,Current health expenditure (% of GDP),SH.XPD.CHEX.GD.ZS,6.66541576,10.99526691,7.76140118,8.98555374,9.15270615,9.95509052,..,..,,
Chad,TCD,"Population, total",SP.POP.TOTL,15622759,16156531,16685223,17224679,17828273,18455316,19319064,..,,
Chad,TCD,GDP (current US$),NY.GDP.MKTP.CD,10000394381,11239167898,11314951092,10715396042,11779981333,12396807588,13149325362,..,,
Chad,TCD,Current health expenditure (% of GDP),SH.XPD.CHEX.GD.ZS,3.51023412,3.2893219,3.38253808,4.4533143,4.17851543,4.52549791,..,..,,
Channel Islands,CHI,"Population, total",SP.POP.TOTL,164319,164949,165639,166235,166741,167215,167691,..,,
Channel Islands,CHI,GDP (current US$),NY.GDP.MKTP.CD,9170079926,10026153345,10032440928,9439810776,11157002973,11308300346,12507927144,..,,
Channel Islands,CHI,Current health expenditure (% of GDP),SH.XPD.CHEX.GD.ZS,..,..,..,..,..,..,..,..,,
Chile,CHL,"Population, total",SP.POP.TOTL,18558868,18893191,19197744,19370624,19456334,19553036,19658835,..,,
Chile,CHL,GDP (current US$),NY.GDP.MKTP.CD,2.76154E+11,2.95858E+11,2.78285E+11,2.54042E+11,3.15515E+11,3.02117E+11,3.35533E+11,..,,
Chile,CHL,Current health expenditure (% of GDP),SH.XPD.CHEX.GD.ZS,9.090518,9.15040398,9.29919815,9.68910599,9.68593311,10.06172848,10.09532642,..,,
China,CHN,"Population, total",SP.POP.TOTL,1396215000,1402760000,1407745000,1411100000,1412360000,1412175000,1410710000,..,,
China,CHN,GDP (current US$),NY.GDP.MKTP.CD,1.23105E+13,1.38949E+13,1.428E+13,1.46877E+13,1.78205E+13,1.78818E+13,1.77948E+13,..,,
China,CHN,Current health expenditure (% of GDP),SH.XPD.CHEX.GD.ZS,5.06592178,5.16790485,5.3502779,5.59359741,5.38360548,5.36948681,..,..,,
Colombia,COL,"Population, total",SP.POP.TOTL,48131078,49024465,49907985,50629997,51188173,51737944,52321152,..,,
Colombia,COL,GDP (current US$),NY.GDP.MKTP.CD,3.11867E+11,3.34198E+11,3.23032E+11,2.70348E+11,3.18525E+11,3.4533E+11,3.63494E+11,..,,
Colombia,COL,Current health expenditure (% of GDP),SH.XPD.CHEX.GD.ZS,7.67864323,7.62541389,7.77954912,8.71432114,9.01772404,7.57361269,7.69168758,..,,
Comoros,COM,"Population, total",SP.POP.TOTL,756669,771590,786578,802163,818174,834188,850387,..,,
Comoros,COM,GDP (current US$),NY.GDP.MKTP.CD,1077439757,1188797449,1195019532,1225039197,1296089480,1242519408,1352380971,..,,
Comoros,COM,Current health expenditure (% of GDP),SH.XPD.CHEX.GD.ZS,5.26807451,4.90318584,5.18044472,5.902421,6.43369246,8.3803854,..,..,,
"Congo, Dem. Rep.",COD,"Population, total",SP.POP.TOTL,87083398,90047644,92947442,95989998,99148932,102396968,105789731,..,,
"Congo, Dem. Rep.",COD,GDP (current US$),NY.GDP.MKTP.CD,38019264795,47568210010,51775829877,48716961860,55328482784,65801547620,66383287003,..,,
"Congo, Dem. Rep.",COD,Current health expenditure (% of GDP),SH.XPD.CHEX.GD.ZS,4.00057793,3.24127173,3.508039,3.97694445,3.67749357,3.78614616,..,..,,
"Congo, Rep.",COG,"Population, total",SP.POP.TOTL,5351011,5483118,5616661,5752791,5892183,6035104,6182885,..,,
"Congo, Rep.",COG,GDP (current US$),NY.GDP.MKTP.CD,11834473039,14773900289,13976637780,11468687464,14825690211,15817030155,15321055823,..,,
"Congo, Rep.",COG,Current health expenditure (% of GDP),SH.XPD.CHEX.GD.ZS,2.36476016,1.75584984,2.34771276,4.01775074,3.49339676,2.19224548,..,..,,
Costa Rica,CRI,"Population, total",SP.POP.TOTL,4913177,4957818,4999553,5034320,5059988,5081765,5105525,..,,
Costa Rica,CRI,GDP (current US$),NY.GDP.MKTP.CD,60516044657,62420164992,64417670521,62395610760,64960725734,69243626029,86497941439,..,,
Costa Rica,CRI,Current health expenditure (% of GDP),SH.XPD.CHEX.GD.ZS,7.04522991,7.28587723,7.2212491,7.82545757,7.61130476,7.18368196,..,..,,
Cote d'Ivoire,CIV,"Population, total",SP.POP.TOTL,26733372,27464173,28193009,28915449,29639736,30395002,31165654,..,,
Cote d'Ivoire,CIV,GDP (current US$),NY.GDP.MKTP.CD,52512343997,58522477787,60382894697,63027852805,72794636654,70173140101,78875489245,..,,
Cote d'Ivoire,CIV,Current health expenditure (% of GDP),SH.XPD.CHEX.GD.ZS,3.24693036,3.0916779,3.18916845,3.62327886,3.76207662,3.6424129,..,..,,
Croatia,HRV,"Population, total",SP.POP.TOTL,4041407,3988775,3949390,3914206,3878981,3855641,3859686,..,,
Croatia,HRV,GDP (current US$),NY.GDP.MKTP.CD,56186190438,61668130123,61467582194,57963370885,69006802299,71198635102,84393795502,..,,
Croatia,HRV,Current health expenditure (% of GDP),SH.XPD.CHEX.GD.ZS,6.61199808,6.69267464,6.7431674,7.64949179,8.01351929,7.21545315,..,..,,
Cuba,CUB,"Population, total",SP.POP.TOTL,11247829,11227118,11202846,11176354,11122168,11059820,11019931,..,,
Cuba,CUB,GDP (current US$),NY.GDP.MKTP.CD,96850649692,1.0005E+11,1.03428E+11,1.07352E+11,..,..,..,..,,
Cuba,CUB,Current health expenditure (% of GDP),SH.XPD.CHEX.GD.ZS,11.47201538,11.01842499,11.08501148,12.48641968,13.78727913,11.78683186,..,..,,
Curacao,CUW,"Population, total",SP.POP.TOTL,160175,159336,157441,154947,152369,149996,147862,..,,
Curacao,CUW,GDP (current US$),NY.GDP.MKTP.CD,3033433240,3046364804,3026124134,2534327598,2739608156,3075180835,3281419347,..,,
Curacao,CUW,Current health expenditure (% of GDP),SH.XPD.CHEX.GD.ZS,..,..,..,..,..,..,..,..,,
Cyprus,CYP,"Population, total",SP.POP.TOTL,1254275,1270737,1286671,1302247,1317309,1331370,1344976,..,,
Cyprus,CYP,GDP (current US$),NY.GDP.MKTP.CD,22946570629,25754001368,26196667100,25555093854,30372874320,30976176887,33886930712,..,,
Cyprus,CYP,Current health expenditure (% of GDP),SH.XPD.CHEX.GD.ZS,6.62192535,6.82599831,7.06576538,8.76033878,9.47552109,8.87060547,..,..,,
Czechia,CZE,"Population, total",SP.POP.TOTL,10594438,10629928,10671870,10697858,10505772,10672118,10864042,..,,
Czechia,CZE,GDP (current US$),NY.GDP.MKTP.CD,2.21564E+11,2.51992E+11,2.56794E+11,2.5111E+11,2.90973E+11,3.01831E+11,3.43208E+11,..,,
Czechia,CZE,Current health expenditure (% of GDP),SH.XPD.CHEX.GD.ZS,7.33911419,7.46030998,7.61342955,9.15721989,9.45247459,8.79904652,8.53962803,..,,
Denmark,DNK,"Population, total",SP.POP.TOTL,5764980,5793636,5814422,5831404,5856733,5903037,5946952,..,,
Denmark,DNK,GDP (current US$),NY.GDP.MKTP.CD,3.31611E+11,3.55293E+11,3.45401E+11,3.55631E+11,4.08378E+11,4.01946E+11,4.07092E+11,..,,
Denmark,DNK,Current health expenditure (% of GDP),SH.XPD.CHEX.GD.ZS,10.09825516,10.09764194,10.1524353,10.71854591,10.74728584,9.4758625,9.41784573,..,,
Djibouti,DJI,"Population, total",SP.POP.TOTL,1054841,1071882,1088709,1105188,1121248,1137096,1152944,..,,
Djibouti,DJI,GDP (current US$),NY.GDP.MKTP.CD,2762581334,2913466732,3088853639,3185150981,3385825229,3674298479,4098530514,..,,
Djibouti,DJI,Current health expenditure (% of GDP),SH.XPD.CHEX.GD.ZS,2.46857476,2.51871514,2.40641236,2.32228446,2.88669515,2.49675012,..,..,,
Dominica,DMA,"Population, total",SP.POP.TOTL,68496,68174,67880,67573,67202,66826,66510,..,,
Dominica,DMA,GDP (current US$),NY.GDP.MKTP.CD,521551851.9,554770370.4,611537037,504214814.8,555266666.7,607159259.3,653992592.6,..,,
Dominica,DMA,Current health expenditure (% of GDP),SH.XPD.CHEX.GD.ZS,5.46245432,6.18495989,5.16903925,6.12651205,6.31661367,6.31969738,..,..,,
Dominican Republic,DOM,"Population, total",SP.POP.TOTL,10666843,10782053,10894043,11008300,11123476,11230734,11331265,..,,
Dominican Republic,DOM,GDP (current US$),NY.GDP.MKTP.CD,79998046306,85555390139,88941372558,78844656298,94243425938,1.13537E+11,1.21444E+11,..,,
Dominican Republic,DOM,Current health expenditure (% of GDP),SH.XPD.CHEX.GD.ZS,4.49336958,4.12601566,4.23948717,4.93967104,4.91807747,4.57254791,..,..,,
Ecuador,ECU,"Population, total",SP.POP.TOTL,16759519,17049547,17340021,17546065,17682454,17823897,17980083,..,,
Ecuador,ECU,GDP (current US$),NY.GDP.MKTP.CD,1.04467E+11,1.07479E+11,1.07596E+11,95865472000,1.07435E+11,1.16586E+11,1.18845E+11,..,,
Ecuador,ECU,Current health expenditure (% of GDP),SH.XPD.CHEX.GD.ZS,7.52484131,7.83214045,7.80768251,8.6576252,8.20646191,7.53457022,..,..,,
"Egypt, Arab Rep.",EGY,"Population, total",SP.POP.TOTL,103696057,105682094,107553158,109315124,110957008,112618250,114535772,..,,
"Egypt, Arab Rep.",EGY,GDP (current US$),NY.GDP.MKTP.CD,2.48363E+11,2.62589E+11,3.18679E+11,3.83818E+11,4.24672E+11,4.76748E+11,3.96002E+11,..,,
"Egypt, Arab Rep.",EGY,Current health expenditure (% of GDP),SH.XPD.CHEX.GD.ZS,5.34661913,4.74892998,4.5994668,4.15384626,4.60955143,4.70438385,..,..,,
El Salvador,SLV,"Population, total",SP.POP.TOTL,6213533,6219807,6222318,6234673,6255782,6280319,6309624,..,,
El Salvador,SLV,GDP (current US$),NY.GDP.MKTP.CD,24979190000,26020850000,26881140000,24921190000,29043140000,31988920000,34015620000,..,,
El Salvador,SLV,Current health expenditure (% of GDP),SH.XPD.CHEX.GD.ZS,8.42286873,8.322752,8.80846119,8.95105076,10.12668991,9.84079742,..,..,,
Equatorial Guinea,GNQ,"Population, total",SP.POP.TOTL,1562396,1616422,1670177,1716468,1758786,1803545,1847549,..,,
Equatorial Guinea,GNQ,GDP (current US$),NY.GDP.MKTP.CD,12200913879,13097012134,11364133550,9893816008,12215878033,13687643436,12337550584,..,,
Equatorial Guinea,GNQ,Current health expenditure (% of GDP),SH.XPD.CHEX.GD.ZS,2.7471416,2.85223722,3.16780853,3.99582434,3.39468098,2.91350007,..,..,,
Eritrea,ERI,"Population, total",SP.POP.TOTL,3150347,3192760,3240194,3291271,3350183,3409447,3470390,..,,
Eritrea,ERI,GDP (current US$),NY.GDP.MKTP.CD,..,..,..,..,..,..,..,..,,
Eritrea,ERI,Current health expenditure (% of GDP),SH.XPD.CHEX.GD.ZS,4.15359449,4.24748898,4.64806461,4.31046677,4.17839003,3.87447667,..,..,,
Estonia,EST,"Population, total",SP.POP.TOTL,1317384,1321977,1326898,1329522,1330932,1348840,1370286,..,,
Estonia,EST,GDP (current US$),NY.GDP.MKTP.CD,27469461919,31222632741,31873748770,31820771494,37204563051,38376046175,41291245222,..,,
Estonia,EST,Current health expenditure (% of GDP),SH.XPD.CHEX.GD.ZS,6.59727049,6.6912818,6.81699181,7.57906437,7.47860336,6.98701143,..,..,,
Eswatini,SWZ,"Population, total",SP.POP.TOTL,1158195,1168929,1179874,1192729,1206593,1218917,1230506,..,,
Eswatini,SWZ,GDP (current US$),NY.GDP.MKTP.CD,4437538381,4659474400,4594818143,4105756863,4737671576,4695372785,4442875788,..,,
Eswatini,SWZ,Current health expenditure (% of GDP),SH.XPD.CHEX.GD.ZS,6.98103714,7.31937742,8.40033817,7.07603502,7.38329172,7.2226615,..,..,,
Ethiopia,ETH,"Population, total",SP.POP.TOTL,109666481,112664152,115737383,118917671,122138588,125384287,128691692,..,,
Ethiopia,ETH,GDP (current US$),NY.GDP.MKTP.CD,81770886826,84269196626,95912607722,1.07658E+11,1.11262E+11,1.26773E+11,1.63698E+11,..,,
Ethiopia,ETH,Current health expenditure (% of GDP),SH.XPD.CHEX.GD.ZS,3.45336914,3.30371761,3.24287128,3.48096275,3.2075386,2.85274577,..,..,,
Faroe Islands,FRO,"Population, total",SP.POP.TOTL,50182,50998,51795,52571,53315,53952,54482,..,,
Faroe Islands,FRO,GDP (current US$),NY.GDP.MKTP.CD,2980057378,3188600927,3266432734,3271813312,3664686797,3566698398,3907323961,..,,
Faroe Islands,FRO,Current health expenditure (% of GDP),SH.XPD.CHEX.GD.ZS,..,..,..,..,..,..,..,..,,
Fiji,FJI,"Population, total",SP.POP.TOTL,918759,917180,914899,914963,916711,919422,924145,..,,
Fiji,FJI,GDP (current US$),NY.GDP.MKTP.CD,5353469171,5581425325,5444407214,4432466237,4305031631,4969503561,5442046565,..,,
Fiji,FJI,Current health expenditure (% of GDP),SH.XPD.CHEX.GD.ZS,3.18689561,4.10572624,4.28229284,5.28987408,7.06084681,4.00910091,3.57928777,..,,
Finland,FIN,"Population, total",SP.POP.TOTL,5508214,5515525,5521606,5529543,5541017,5556106,5583911,..,,
Finland,FIN,GDP (current US$),NY.GDP.MKTP.CD,2.53846E+11,2.73869E+11,2.67015E+11,2.7E+11,2.94223E+11,2.80242E+11,2.95532E+11,..,,
Finland,FIN,Current health expenditure (% of GDP),SH.XPD.CHEX.GD.ZS,9.12670135,9.04514217,9.17142677,9.63249588,9.83458328,9.6589222,..,..,,
France,FRA,"Population, total",SP.POP.TOTL,66918020,67158348,67382061,67601110,67842811,68065015,68287487,..,,
France,FRA,GDP (current US$),NY.GDP.MKTP.CD,2.58887E+12,2.78158E+12,2.72279E+12,2.64793E+12,2.96643E+12,2.7963E+12,3.05183E+12,..,,
France,FRA,Current health expenditure (% of GDP),SH.XPD.CHEX.GD.ZS,11.37063789,11.21033764,11.09938431,12.07226849,12.29229355,11.8819046,..,..,,
French Polynesia,PYF,"Population, total",SP.POP.TOTL,280087,279815,279034,279209,279792,280378,281118,..,,
French Polynesia,PYF,GDP (current US$),NY.GDP.MKTP.CD,5833352693,6135116253,6022276196,5792545871,6150640646,5814661209,..,..,,
French Polynesia,PYF,Current health expenditure (% of GDP),SH.XPD.CHEX.GD.ZS,..,..,..,..,..,..,..,..,,
Gabon,GAB,"Population, total",SP.POP.TOTL,2156900,2212318,2267706,2322539,2376722,2430747,2484789,..,,
Gabon,GAB,GDP (current US$),NY.GDP.MKTP.CD,14929487485,16867326402,16874405465,15342236164,19444935097,20440655695,19388402542,..,,
Gabon,GAB,Current health expenditure (% of GDP),SH.XPD.CHEX.GD.ZS,2.78068876,2.75235105,2.7768569,3.41717625,2.69024062,2.85591531,..,..,,
"Gambia, The",GMB,"Population, total",SP.POP.TOTL,2342189,2399632,2456844,2515733,2576010,2636470,2697845,..,,
"Gambia, The",GMB,GDP (current US$),NY.GDP.MKTP.CD,1504909463,1670671328,1813609692,1812170891,2014158842,2204734528,2396111022,..,,
"Gambia, The",GMB,Current health expenditure (% of GDP),SH.XPD.CHEX.GD.ZS,3.35449266,3.23713565,3.14534926,3.72824264,3.19251013,3.41435836,..,..,,
Georgia,GEO,"Population, total",SP.POP.TOTL,3728004,3726549,3720161,3722716,3708610,3712502,3715483,..,,
Georgia,GEO,GDP (current US$),NY.GDP.MKTP.CD,16473125375,17902544881,17638337117,16010869216,18853115589,24984568960,30777833585,..,,
Georgia,GEO,Current health expenditure (% of GDP),SH.XPD.CHEX.GD.ZS,6.95936155,6.99180031,6.59411573,8.34160137,8.3153286,7.25569582,..,..,,
Germany,DEU,"Population, total",SP.POP.TOTL,82657002,82905782,83092962,83160871,83196078,83797985,83280000,..,,
Germany,DEU,GDP (current US$),NY.GDP.MKTP.CD,3.76309E+12,4.05201E+12,3.95721E+12,3.94014E+12,4.3483E+12,4.1636E+12,4.5257E+12,..,,
Germany,DEU,Current health expenditure (% of GDP),SH.XPD.CHEX.GD.ZS,11.32552433,11.47314644,11.71595001,12.6902256,12.90171242,12.60513115,11.79903221,..,,
Ghana,GHA,"Population, total",SP.POP.TOTL,30008354,30637585,31258945,31887809,32518665,33149152,33787914,..,,
Ghana,GHA,GDP (current US$),NY.GDP.MKTP.CD,60405924079,67298914624,68337969248,70043099676,79524421861,74263364042,76370396722,..,,
Ghana,GHA,Current health expenditure (% of GDP),SH.XPD.CHEX.GD.ZS,2.68786979,2.43001175,3.25450468,4.4331708,3.86030865,3.6993649,..,..,,
Gibraltar,GIB,"Population, total",SP.POP.TOTL,34245,34854,35494,36173,36858,37609,38471,..,,
Gibraltar,GIB,GDP (current US$),NY.GDP.MKTP.CD,..,..,..,..,..,..,..,..,,
Gibraltar,GIB,Current health expenditure (% of GDP),SH.XPD.CHEX.GD.ZS,..,..,..,..,..,..,..,..,,
Greece,GRC,"Population, total",SP.POP.TOTL,10754679,10732882,10721582,10698599,10569207,10436882,10405588,..,,
Greece,GRC,GDP (current US$),NY.GDP.MKTP.CD,2.00381E+11,2.13299E+11,2.07306E+11,1.91363E+11,2.18304E+11,2.18881E+11,2.43498E+11,..,,
Greece,GRC,Current health expenditure (% of GDP),SH.XPD.CHEX.GD.ZS,8.13515854,8.12024307,8.1982832,9.5242157,9.18476486,8.49983692,..,..,,
Greenland,GRL,"Population, total",SP.POP.TOTL,56172,56023,56225,56367,56653,56661,56865,..,,
Greenland,GRL,GDP (current US$),NY.GDP.MKTP.CD,2851613679,3055782146,2997309972,3082884653,3235809504,..,..,..,,
Greenland,GRL,Current health expenditure (% of GDP),SH.XPD.CHEX.GD.ZS,..,..,..,..,..,..,..,..,,
Grenada,GRD,"Population, total",SP.POP.TOTL,115438,115691,115981,116341,116688,116913,117081,..,,
Grenada,GRD,GDP (current US$),NY.GDP.MKTP.CD,1125685185,1166514815,1213485185,1043411111,1122800000,1224577778,1316733333,..,,
Grenada,GRD,Current health expenditure (% of GDP),SH.XPD.CHEX.GD.ZS,4.65701056,4.58373737,4.93189621,5.3228159,5.34433317,4.94846392,..,..,,
Guam,GUM,"Population, total",SP.POP.TOTL,163490,162679,161808,162158,163730,165180,166506,..,,
Guam,GUM,GDP (current US$),NY.GDP.MKTP.CD,6013000000,6051000000,6355000000,5916000000,6234000000,6910000000,..,..,,
Guam,GUM,Current health expenditure (% of GDP),SH.XPD.CHEX.GD.ZS,..,..,..,..,..,..,..,..,,
Guatemala,GTM,"Population, total",SP.POP.TOTL,16567357,16845685,17103803,17357325,17598650,17847877,18124838,..,,
Guatemala,GTM,GDP (current US$),NY.GDP.MKTP.CD,71653754066,73328365862,77172317259,77719464221,86478835636,95630524813,1.0445E+11,..,,
Guatemala,GTM,Current health expenditure (% of GDP),SH.XPD.CHEX.GD.ZS,6.13563824,6.10662699,6.17443275,6.45951891,6.97680426,7.44098806,..,..,,
Guinea,GIN,"Population, total",SP.POP.TOTL,12385659,12704774,13034346,13371183,13710513,14055137,14405468,..,,
Guinea,GIN,GDP (current US$),NY.GDP.MKTP.CD,10324668271,11857030367,13442861496,14088693743,17069115738,19910452542,22199409741,..,,
Guinea,GIN,Current health expenditure (% of GDP),SH.XPD.CHEX.GD.ZS,3.91512728,3.73843002,4.08876228,3.90094519,3.7175858,3.95847702,..,..,,
Guinea-Bissau,GNB,"Population, total",SP.POP.TOTL,1877072,1922168,1967696,2013255,2058841,2105529,2153339,..,,
Guinea-Bissau,GNB,GDP (current US$),NY.GDP.MKTP.CD,1469978606,1554133594,1588638854,1646400350,1853796456,1796608531,2048348108,..,,
Guinea-Bissau,GNB,Current health expenditure (% of GDP),SH.XPD.CHEX.GD.ZS,7.00049543,7.28224373,7.17018223,9.0293932,8.16332626,8.11358356,..,..,,
Guyana,GUY,"Population, total",SP.POP.TOTL,768479,791556,807665,807481,815482,821637,826353,..,,
Guyana,GUY,GDP (current US$),NY.GDP.MKTP.CD,4748174334,4787636998,5173760192,5471256595,8041363893,14718387017,17159509565,..,,
Guyana,GUY,Current health expenditure (% of GDP),SH.XPD.CHEX.GD.ZS,4.3191123,4.90492535,4.90331507,5.4180727,4.92369986,3.00636959,..,..,,
Haiti,HTI,"Population, total",SP.POP.TOTL,10817754,10962362,11105163,11243848,11374586,11503606,11637398,..,,
Haiti,HTI,GDP (current US$),NY.GDP.MKTP.CD,15093357161,16403864618,15016090930,14508222518,20877414953,20253551921,19850829758,..,,
Haiti,HTI,Current health expenditure (% of GDP),SH.XPD.CHEX.GD.ZS,3.8199389,4.31650305,3.91107917,3.22171092,3.44216156,3.20848918,..,..,,
Honduras,HND,"Population, total",SP.POP.TOTL,9588137,9765210,9943633,10119640,10289877,10463872,10644851,..,,
Honduras,HND,GDP (current US$),NY.GDP.MKTP.CD,23136247991,24067750760,24882225742,23352232484,28144331507,31426041807,34400509852,..,,
Honduras,HND,Current health expenditure (% of GDP),SH.XPD.CHEX.GD.ZS,7.00668859,7.22820663,7.28237152,9.03509808,9.16101742,8.28209972,..,..,,
"Hong Kong SAR, China",HKG,"Population, total",SP.POP.TOTL,7393200,7452600,7507900,7481000,7413100,7346100,7536100,..,,
"Hong Kong SAR, China",HKG,GDP (current US$),NY.GDP.MKTP.CD,3.41273E+11,3.61731E+11,3.63075E+11,3.44943E+11,3.68954E+11,3.58681E+11,3.80812E+11,..,,
"Hong Kong SAR, China",HKG,Current health expenditure (% of GDP),SH.XPD.CHEX.GD.ZS,..,..,..,..,..,..,..,..,,
Hungary,HUN,"Population, total",SP.POP.TOTL,9787966,9775564,9771141,9750149,9709891,9644377,9592186,..,,
Hungary,HUN,GDP (current US$),NY.GDP.MKTP.CD,1.43112E+11,1.60566E+11,1.6402E+11,1.57289E+11,1.8211E+11,1.77006E+11,2.12389E+11,..,,
Hungary,HUN,Current health expenditure (% of GDP),SH.XPD.CHEX.GD.ZS,6.74387121,6.57987547,6.28167295,7.28760386,7.38329268,6.68981791,6.3573041,..,,
Iceland,ISL,"Population, total",SP.POP.TOTL,343400,352721,360563,366463,372520,382003,393349,..,,
Iceland,ISL,GDP (current US$),NY.GDP.MKTP.CD,24728285177,26260850582,24681343649,21629953194,25825287184,28770206627,31325116556,..,,
Iceland,ISL,Current health expenditure (% of GDP),SH.XPD.CHEX.GD.ZS,8.3243084,8.43817616,8.63996315,9.67780685,9.78697014,9.28593922,8.99166012,..,,
India,IND,"Population, total",SP.POP.TOTL,1359657400,1374659064,1389030312,1402617695,1414203896,1425423212,1438069596,..,,
India,IND,GDP (current US$),NY.GDP.MKTP.CD,2.65147E+12,2.70293E+12,2.83561E+12,2.67485E+12,3.16727E+12,3.35347E+12,3.56755E+12,..,,
India,IND,Current health expenditure (% of GDP),SH.XPD.CHEX.GD.ZS,2.93597651,2.8584938,2.95299792,3.34146094,3.34680939,3.3058846,..,..,,
Indonesia,IDN,"Population, total",SP.POP.TOTL,267346658,269951846,272489381,274814866,276758053,278830529,281190067,..,,
Indonesia,IDN,GDP (current US$),NY.GDP.MKTP.CD,1.01562E+12,1.04227E+12,1.1191E+12,1.05905E+12,1.18651E+12,1.31908E+12,1.37117E+12,..,,
Indonesia,IDN,Current health expenditure (% of GDP),SH.XPD.CHEX.GD.ZS,2.90417194,2.86757827,2.87862897,3.42067289,3.70634937,2.69394851,..,..,,
"Iran, Islamic Rep.",IRN,"Population, total",SP.POP.TOTL,85026754,86117998,87051648,87723443,88455488,89524246,90608707,..,,
"Iran, Islamic Rep.",IRN,GDP (current US$),NY.GDP.MKTP.CD,4.89169E+11,3.9888E+11,3.33519E+11,2.62186E+11,3.83436E+11,3.94363E+11,4.04626E+11,..,,
"Iran, Islamic Rep.",IRN,Current health expenditure (% of GDP),SH.XPD.CHEX.GD.ZS,7.83454609,7.73915195,6.27398872,5.40149546,5.77013779,5.34889174,..,..,,
Iraq,IRQ,"Population, total",SP.POP.TOTL,39337353,40265624,41192171,42116605,43071211,44070551,45074049,..,,
Iraq,IRQ,GDP (current US$),NY.GDP.MKTP.CD,1.87218E+11,2.27367E+11,2.33636E+11,1.80899E+11,2.09692E+11,2.8664E+11,2.50843E+11,..,,
Iraq,IRQ,Current health expenditure (% of GDP),SH.XPD.CHEX.GD.ZS,4.04064989,4.12989378,4.28182745,5.76473284,5.25095701,4.29332495,..,..,,
Ireland,IRL,"Population, total",SP.POP.TOTL,4807388,4867316,4934340,4985382,5033164,5165700,5307600,..,,
Ireland,IRL,GDP (current US$),NY.GDP.MKTP.CD,3.48532E+11,3.95461E+11,4.07125E+11,4.36556E+11,5.31307E+11,5.4857E+11,5.51395E+11,..,,
Ireland,IRL,Current health expenditure (% of GDP),SH.XPD.CHEX.GD.ZS,7.10795546,6.47943211,6.71554708,7.06342745,6.59614468,6.11978531,..,..,,
Isle of Man,IMN,"Population, total",SP.POP.TOTL,83609,83805,83957,84064,84106,84132,84165,..,,
Isle of Man,IMN,GDP (current US$),NY.GDP.MKTP.CD,6979788334,7491649456,7314967866,6684225641,7931193222,..,..,..,,
Isle of Man,IMN,Current health expenditure (% of GDP),SH.XPD.CHEX.GD.ZS,..,..,..,..,..,..,..,..,,
Israel,ISR,"Population, total",SP.POP.TOTL,8713300,8882800,9054000,9215100,9371400,9557500,9756600,..,,
Israel,ISR,GDP (current US$),NY.GDP.MKTP.CD,3.57227E+11,3.7515E+11,3.99651E+11,4.11729E+11,4.89708E+11,5.25E+11,5.13611E+11,..,,
Israel,ISR,Current health expenditure (% of GDP),SH.XPD.CHEX.GD.ZS,7.17605686,7.22799444,7.17438793,7.70120192,7.67129993,7.34161806,..,..,,
Italy,ITA,"Population, total",SP.POP.TOTL,60536709,60421760,59729081,59438851,59133173,59013667,58993475,..,,
Italy,ITA,GDP (current US$),NY.GDP.MKTP.CD,1.97072E+12,2.09944E+12,2.01961E+12,1.90748E+12,2.17921E+12,2.103E+12,2.30094E+12,..,,
Italy,ITA,Current health expenditure (% of GDP),SH.XPD.CHEX.GD.ZS,8.67773914,8.68187714,8.65633965,9.62485981,9.34389782,9.02753067,8.51808929,..,,
Jamaica,JAM,"Population, total",SP.POP.TOTL,2815764,2820097,2823271,2830739,2837682,2839144,2839786,..,,
Jamaica,JAM,GDP (current US$),NY.GDP.MKTP.CD,14808985171,15730792836,15830766571,13812421803,14657586127,17097760724,19423355409,..,,
Jamaica,JAM,Current health expenditure (% of GDP),SH.XPD.CHEX.GD.ZS,6.14859295,5.96798849,6.09761,6.62580395,7.18521214,7.77706337,..,..,,
Japan,JPN,"Population, total",SP.POP.TOTL,126972000,126811000,126633000,126261000,125681593,125124989,124516650,..,,
Japan,JPN,GDP (current US$),NY.GDP.MKTP.CD,4.93084E+12,5.04088E+12,5.11799E+12,5.05559E+12,5.03462E+12,4.25641E+12,4.20449E+12,..,,
Japan,JPN,Current health expenditure (% of GDP),SH.XPD.CHEX.GD.ZS,10.65627098,10.73988247,10.96998405,11.20903683,11.18996906,11.42183685,..,..,,
Jordan,JOR,"Population, total",SP.POP.TOTL,10234226,10462306,10671891,10865228,11066356,11256263,11439213,..,,
Jordan,JOR,GDP (current US$),NY.GDP.MKTP.CD,41608435915,43370860704,44503006338,43700383099,46296100141,48764963380,50967475352,..,,
Jordan,JOR,Current health expenditure (% of GDP),SH.XPD.CHEX.GD.ZS,7.10953665,6.98295021,7.07244635,7.11578226,7.20182657,6.82820034,..,..,,
Kazakhstan,KAZ,"Population, total",SP.POP.TOTL,18651931,18932727,19209555,19482117,19743603,20034609,20330104,..,,
Kazakhstan,KAZ,GDP (current US$),NY.GDP.MKTP.CD,1.66806E+11,1.7934E+11,1.81667E+11,1.71082E+11,1.97112E+11,2.25496E+11,2.62642E+11,..,,
Kazakhstan,KAZ,Current health expenditure (% of GDP),SH.XPD.CHEX.GD.ZS,3.05244446,2.8178606,2.78745699,3.75300956,3.92458963,3.74026752,..,..,,
Kenya,KEN,"Population, total",SP.POP.TOTL,49197766,50207107,51202827,52217334,53219166,54252461,55339003,..,,
Kenya,KEN,GDP (current US$),NY.GDP.MKTP.CD,82036510877,92202979985,1.00378E+11,1.00658E+11,1.09704E+11,1.14449E+11,1.08039E+11,..,,
Kenya,KEN,Current health expenditure (% of GDP),SH.XPD.CHEX.GD.ZS,3.98597503,4.09903383,4.36874676,4.49248838,4.56525421,4.32603645,..,..,,
Kiribati,KIR,"Population, total",SP.POP.TOTL,120275,122084,123921,126099,128377,130469,132530,..,,
Kiribati,KIR,GDP (current US$),NY.GDP.MKTP.CD,222875724.7,233514703.7,216985362.3,223123620.6,289339292.2,270841698.4,279208903.3,..,,
Kiribati,KIR,Current health expenditure (% of GDP),SH.XPD.CHEX.GD.ZS,9.68424225,10.89694214,10.16600227,13.53000164,11.65399933,10.49855042,..,..,,
"Korea, Dem. People's Rep.",PRK,"Population, total",SP.POP.TOTL,25817709,25931147,26037632,26136312,26232534,26328845,26418204,..,,
"Korea, Dem. People's Rep.",PRK,GDP (current US$),NY.GDP.MKTP.CD,..,..,..,..,..,..,..,..,,
"Korea, Dem. People's Rep.",PRK,Current health expenditure (% of GDP),SH.XPD.CHEX.GD.ZS,..,..,..,..,..,..,..,..,,
"Korea, Rep.",KOR,"Population, total",SP.POP.TOTL,51361911,51585058,51764822,51836239,51769539,51672569,51712619,..,,
"Korea, Rep.",KOR,GDP (current US$),NY.GDP.MKTP.CD,1.62307E+12,1.72537E+12,1.65142E+12,1.64431E+12,1.81843E+12,1.67392E+12,1.71279E+12,..,,
"Korea, Rep.",KOR,Current health expenditure (% of GDP),SH.XPD.CHEX.GD.ZS,7.04771852,7.46262026,8.1267519,8.3554945,8.95732689,9.43414211,9.88014412,..,,
Kosovo,XKX,"Population, total",SP.POP.TOTL,1791019,1797086,1788891,1790152,1786080,1768096,1756366,..,,
Kosovo,XKX,GDP (current US$),NY.GDP.MKTP.CD,7180764703,7878759715,7899737577,7717145218,9413403724,9354903062,10468219225,..,,
Kosovo,XKX,Current health expenditure (% of GDP),SH.XPD.CHEX.GD.ZS,..,..,..,..,..,..,..,..,,
Kuwait,KWT,"Population, total",SP.POP.TOTL,4154812,4323515,4442316,4400267,4360865,4589643,4853420,..,,
Kuwait,KWT,GDP (current US$),NY.GDP.MKTP.CD,1.20688E+11,1.38646E+11,1.40856E+11,1.11045E+11,1.48459E+11,1.8394E+11,1.63705E+11,..,,
Kuwait,KWT,Current health expenditure (% of GDP),SH.XPD.CHEX.GD.ZS,4.65326786,5.18862629,5.2627306,6.23488235,5.50187826,4.26875782,..,..,,
Kyrgyz Republic,KGZ,"Population, total",SP.POP.TOTL,6306695.5,6444078.5,6590211,6726595.5,6851224,6975219.5,7099750,..,,
Kyrgyz Republic,KGZ,GDP (current US$),NY.GDP.MKTP.CD,7702938379,8271106235,9371275264,8270468614,9249133946,12134931018,13987627909,..,,
Kyrgyz Republic,KGZ,Current health expenditure (% of GDP),SH.XPD.CHEX.GD.ZS,6.18586349,5.01030922,4.25461817,4.94803715,5.35275412,4.92258883,..,..,,
Lao PDR,LAO,"Population, total",SP.POP.TOTL,7018147,7128045,7237636,7346533,7453194,7559007,7664993,..,,
Lao PDR,LAO,GDP (current US$),NY.GDP.MKTP.CD,17071155481,18141641090,18740561513,18981805250,18827148531,15468785204,15843155731,..,,
Lao PDR,LAO,Current health expenditure (% of GDP),SH.XPD.CHEX.GD.ZS,2.52606821,2.24630046,2.60312223,2.05965185,2.74392009,2.01825476,..,..,,
Latvia,LVA,"Population, total",SP.POP.TOTL,1942248,1927174,1913822,1900449,1884490,1879383,1877445,..,,
Latvia,LVA,GDP (current US$),NY.GDP.MKTP.CD,29391059767,33247935477,33099503951,33379927435,38185125733,38018905782,42247850065,..,,
Latvia,LVA,Current health expenditure (% of GDP),SH.XPD.CHEX.GD.ZS,5.96542788,6.18867874,6.63697243,7.28520584,9.10995388,7.62168407,..,..,,
Lebanon,LBN,"Population, total",SP.POP.TOTL,6160128,5984119,5794594,5702398,5718122,5744489,5773493,..,,
Lebanon,LBN,GDP (current US$),NY.GDP.MKTP.CD,53027680686,54901519156,51605959131,31712128254,23131941557,20992421949,..,..,,
Lebanon,LBN,Current health expenditure (% of GDP),SH.XPD.CHEX.GD.ZS,7.80396605,8.07092381,8.6936779,7.57650805,4.85634661,5.73500204,..,..,,
Lesotho,LSO,"Population, total",SP.POP.TOTL,2157110,2183603,2209405,2235727,2261542,2286110,2311472,..,,
Lesotho,LSO,GDP (current US$),NY.GDP.MKTP.CD,2306741672,2556247292,2390702296,2053699870,2412130057,2354683089,2117962451,..,,
Lesotho,LSO,Current health expenditure (% of GDP),SH.XPD.CHEX.GD.ZS,10.57478237,11.1686039,21.96986771,10.45941448,10.81370068,12.65127754,..,..,,
Liberia,LBR,"Population, total",SP.POP.TOTL,4848925,4944726,5043721,5149463,5259323,5373294,5493031,..,,
Liberia,LBR,GDP (current US$),NY.GDP.MKTP.CD,3390703400,3422754800,3319596500,3176126300,3513049500,4001047000,4240000000,..,,
Liberia,LBR,Current health expenditure (% of GDP),SH.XPD.CHEX.GD.ZS,10.44921875,10.78197193,8.38325977,12.90504265,13.8384428,13.47386169,..,..,,
Libya,LBY,"Population, total",SP.POP.TOTL,6738770,6849055,6951033,7045399,7135175,7223805,7305659,..,,
Libya,LBY,GDP (current US$),NY.GDP.MKTP.CD,67157452182,76686029772,69254496472,46854285441,35217995647,43246297922,45096462972,..,,
Libya,LBY,Current health expenditure (% of GDP),SH.XPD.CHEX.GD.ZS,4.67685318,4.86648417,5.54773426,7.10674047,6.21384287,4.65005827,..,..,,
Liechtenstein,LIE,"Population, total",SP.POP.TOTL,37962,38246,38563,38901,39182,39493,39850,..,,
Liechtenstein,LIE,GDP (current US$),NY.GDP.MKTP.CD,6474308718,6692620692,6436467007,6405870210,7710380086,7361504432,..,..,,
Liechtenstein,LIE,Current health expenditure (% of GDP),SH.XPD.CHEX.GD.ZS,..,..,..,..,..,..,..,..,,
Lithuania,LTU,"Population, total",SP.POP.TOTL,2828403,2801543,2794137,2794885,2800839,2831639,2871585,..,,
Lithuania,LTU,GDP (current US$),NY.GDP.MKTP.CD,47756764508,54261795149,55122066226,57412038533,67037321009,71033884500,79789877416,..,,
Lithuania,LTU,Current health expenditure (% of GDP),SH.XPD.CHEX.GD.ZS,6.4444623,6.53038597,6.98445415,7.47439718,7.75970221,7.24335003,7.29381466,..,,
Luxembourg,LUX,"Population, total",SP.POP.TOTL,596336,607950,620001,630419,640064,653103,666430,..,,
Luxembourg,LUX,GDP (current US$),NY.GDP.MKTP.CD,65712180343,71000359760,69890505324,73699366700,85584105994,81641807866,85755006124,..,,
Luxembourg,LUX,Current health expenditure (% of GDP),SH.XPD.CHEX.GD.ZS,5.13535357,5.27988529,5.46495819,5.76488066,5.66065645,5.55154753,5.78284121,..,,
"Macao SAR, China",MAC,"Population, total",SP.POP.TOTL,648400,658900,672000,685400,682500,677300,678800,..,,
"Macao SAR, China",MAC,GDP (current US$),NY.GDP.MKTP.CD,50383871121,55190661340,55082293844,25343525936,30969334705,24999113476,45803067940,..,,
"Macao SAR, China",MAC,Current health expenditure (% of GDP),SH.XPD.CHEX.GD.ZS,..,..,..,..,..,..,..,..,,
Madagascar,MDG,"Population, total",SP.POP.TOTL,26788375,27494926,28219554,28953556,29691083,30437261,31195932,..,,
Madagascar,MDG,GDP (current US$),NY.GDP.MKTP.CD,13176313594,13760033282,14104664679,13051441204,14554754117,15134700203,15790113247,..,,
Madagascar,MDG,Current health expenditure (% of GDP),SH.XPD.CHEX.GD.ZS,4.80225945,4.22160387,3.10129309,3.72316122,3.5045228,3.25023246,..,..,,
Malawi,MWI,"Population, total",SP.POP.TOTL,18039715,18528081,19025752,19533888,20047258,20568728,21104482,..,,
Malawi,MWI,GDP (current US$),NY.GDP.MKTP.CD,8943543794,9879231592,11051865580,11769313598,12378129751,12429060151,12712150082,..,,
Malawi,MWI,Current health expenditure (% of GDP),SH.XPD.CHEX.GD.ZS,7.58438921,6.88249922,6.37021732,7.17979383,7.62815809,6.50023508,..,..,,
Malaysia,MYS,"Population, total",SP.POP.TOTL,32355644,32910967,33440596,33889558,34282399,34695493,35126298,..,,
Malaysia,MYS,GDP (current US$),NY.GDP.MKTP.CD,3.19109E+11,3.58789E+11,3.65178E+11,3.37456E+11,3.73785E+11,4.07606E+11,3.99705E+11,..,,
Malaysia,MYS,Current health expenditure (% of GDP),SH.XPD.CHEX.GD.ZS,3.71472311,3.75944281,3.83991051,4.08254337,4.37382412,3.90591931,..,..,,
Maldives,MDV,"Population, total",SP.POP.TOTL,458287,473099,487731,502118,516154,524106,525994,..,,
Maldives,MDV,GDP (current US$),NY.GDP.MKTP.CD,4816426257,5404344163,5726094799,3712604583,5252457370,6177118114,6590894302,..,,
Maldives,MDV,Current health expenditure (% of GDP),SH.XPD.CHEX.GD.ZS,9.26917839,7.43627834,7.65845585,11.3365984,10.09611702,9.65276241,..,..,,
Mali,MLI,"Population, total",SP.POP.TOTL,19813011,20442030,21068405,21713836,22388630,23072640,23769127,..,,
Mali,MLI,GDP (current US$),NY.GDP.MKTP.CD,15365713048,17070867590,17280250810,17465392764,19309463508,18780322204,20661794596,..,,
Mali,MLI,Current health expenditure (% of GDP),SH.XPD.CHEX.GD.ZS,3.67425752,3.73249912,3.82943797,3.47597885,3.46649742,3.67284775,..,..,,
Malta,MLT,"Population, total",SP.POP.TOTL,467999,484630,504062,515332,518536,531511,552747,..,,
Malta,MLT,GDP (current US$),NY.GDP.MKTP.CD,14161366724,16153779511,16337793531,16385919536,19718565605,19209979975,22328640242,..,,
Malta,MLT,Current health expenditure (% of GDP),SH.XPD.CHEX.GD.ZS,8.73092651,8.5073843,9.07641315,10.60137844,10.36362457,9.52376747,..,..,,
Marshall Islands,MHL,"Population, total",SP.POP.TOTL,46529,45285,44007,42706,41367,40077,38827,..,,
Marshall Islands,MHL,GDP (current US$),NY.GDP.MKTP.CD,213700000,220000000,232900000,241800000,258900000,253400000,259300000,..,,
Marshall Islands,MHL,Current health expenditure (% of GDP),SH.XPD.CHEX.GD.ZS,12.08143997,14.5333004,15.0545578,12.17444134,12.54099083,11.73604298,..,..,,
Mauritania,MRT,"Population, total",SP.POP.TOTL,4210600,4337685,4467708,4600131,4734874,4875637,5022441,..,,
Mauritania,MRT,GDP (current US$),NY.GDP.MKTP.CD,6800135898,7473550557,7894764886,8260752385,9222536364,9557966698,10651709411,..,,
Mauritania,MRT,Current health expenditure (% of GDP),SH.XPD.CHEX.GD.ZS,3.41947556,2.88362551,3.09176588,3.00147843,3.78022528,4.48389912,..,..,,
Mauritius,MUS,"Population, total",SP.POP.TOTL,1264887,1265577,1265985,1266014,1266334,1262523,1261041,..,,
Mauritius,MUS,GDP (current US$),NY.GDP.MKTP.CD,13713506131,14735695931,14436346980,11408106446,11484348858,12927979286,14644524819,..,,
Mauritius,MUS,Current health expenditure (% of GDP),SH.XPD.CHEX.GD.ZS,5.59857273,5.60310221,5.69508171,6.09606028,6.6160841,5.82381678,..,..,,
Mexico,MEX,"Population, total",SP.POP.TOTL,123400057,124573711,125762982,126799054,127648148,128613117,129739759,..,,
Mexico,MEX,GDP (current US$),NY.GDP.MKTP.CD,1.19072E+12,1.2563E+12,1.30411E+12,1.12106E+12,1.31657E+12,1.46431E+12,1.78911E+12,..,,
Mexico,MEX,Current health expenditure (% of GDP),SH.XPD.CHEX.GD.ZS,5.3117938,5.23821402,5.29685831,6.0537405,5.89244318,5.72145176,..,..,,
"Micronesia, Fed. Sts.",FSM,"Population, total",SP.POP.TOTL,109481,109909,110282,110916,111624,112114,112630,..,,
"Micronesia, Fed. Sts.",FSM,GDP (current US$),NY.GDP.MKTP.CD,359000000,392000000,394000000,372000000,390000000,430000000,460000000,..,,
"Micronesia, Fed. Sts.",FSM,Current health expenditure (% of GDP),SH.XPD.CHEX.GD.ZS,12.46886253,11.96551991,11.89308453,12.01537514,11.41321754,10.34470272,..,..,,
Moldova,MDA,"Population, total",SP.POP.TOTL,2755189,2707203,2664224,2635130,2595809,2528654,2457783,..,,
Moldova,MDA,GDP (current US$),NY.GDP.MKTP.CD,9514404016,11252353421,11736797055,11530746234,13691869264,14510490660,16539436547,..,,
Moldova,MDA,Current health expenditure (% of GDP),SH.XPD.CHEX.GD.ZS,7.1278038,6.70760345,6.49662447,7.00484037,7.7490406,6.96505404,..,..,,
Monaco,MCO,"Population, total",SP.POP.TOTL,37678,38154,38109,38050,38527,38931,38956,..,,
Monaco,MCO,GDP (current US$),NY.GDP.MKTP.CD,6430254653,7184333936,7383496254,6730736283,8623242743,8800430486,9995350547,..,,
Monaco,MCO,Current health expenditure (% of GDP),SH.XPD.CHEX.GD.ZS,4.15852451,4.04578018,3.87726593,4.27929592,3.67252064,3.39779735,..,..,,
Mongolia,MNG,"Population, total",SP.POP.TOTL,3148917,3208189,3267673,3327204,3383741,3433748,3481145,..,,
Mongolia,MNG,GDP (current US$),NY.GDP.MKTP.CD,11480847741,13178094720,14206359018,13312981429,15286441738,17146471714,20325121394,..,,
Mongolia,MNG,Current health expenditure (% of GDP),SH.XPD.CHEX.GD.ZS,4.33954191,4.53449297,4.49497986,4.6662488,7.21042728,8.85170174,..,..,,
Montenegro,MNE,"Population, total",SP.POP.TOTL,622373,622227,622028,621306,619211,617213,616177,..,,
Montenegro,MNE,GDP (current US$),NY.GDP.MKTP.CD,4856599481,5506942238,5542054181,4769996866,5861427505,6229801581,7530593375,..,,
Montenegro,MNE,Current health expenditure (% of GDP),SH.XPD.CHEX.GD.ZS,7.98255396,8.34355545,8.32983208,11.42177582,10.55253506,10.92241859,..,..,,
Morocco,MAR,"Population, total",SP.POP.TOTL,35446392,35839760,36210898,36584208,36954442,37329064,37712505,..,,
Morocco,MAR,GDP (current US$),NY.GDP.MKTP.CD,1.18541E+11,1.27341E+11,1.2892E+11,1.21354E+11,1.42022E+11,1.30952E+11,1.44417E+11,..,,
Morocco,MAR,Current health expenditure (% of GDP),SH.XPD.CHEX.GD.ZS,4.98920393,4.94516659,4.9953146,5.59079361,5.522717,5.68049145,..,..,,
Mozambique,MOZ,"Population, total",SP.POP.TOTL,28166393,29018644,29884380,30783688,31707800,32656246,33635160,..,,
Mozambique,MOZ,GDP (current US$),NY.GDP.MKTP.CD,13264640646,15017358953,15512759047,14235420174,16168055475,18883528581,20954220984,..,,
Mozambique,MOZ,Current health expenditure (% of GDP),SH.XPD.CHEX.GD.ZS,7.80532169,7.97903347,7.90207434,7.54172373,8.86981869,8.77717781,..,..,,
Myanmar,MMR,"Population, total",SP.POP.TOTL,51894938,52272247,52640713,53016522,53387102,53756787,54133798,..,,
Myanmar,MMR,GDP (current US$),NY.GDP.MKTP.CD,66053040483,67860515990,75065106228,79006113643,66345291160,62253049892,66757619000,..,,
Myanmar,MMR,Current health expenditure (% of GDP),SH.XPD.CHEX.GD.ZS,5.08065701,4.89992189,4.07903337,4.38807583,5.83599281,5.20476246,..,..,,
Namibia,NAM,"Population, total",SP.POP.TOTL,2506853,2577327,2650494,2728762,2810548,2889662,2963095,..,,
Namibia,NAM,GDP (current US$),NY.GDP.MKTP.CD,12895153371,13682019076,12541928303,10583748542,12402486184,12567271005,12351025067,..,,
Namibia,NAM,Current health expenditure (% of GDP),SH.XPD.CHEX.GD.ZS,8.72573948,8.28609943,8.39904404,8.88723373,9.33766365,9.29635525,..,..,,
Nauru,NRU,"Population, total",SP.POP.TOTL,11324,11477,11587,11643,11709,11801,11875,..,,
Nauru,NRU,GDP (current US$),NY.GDP.MKTP.CD,108862278.5,130937589.8,124871111.4,124530027.3,175513984.5,156803087.3,154170289.3,..,,
Nauru,NRU,Current health expenditure (% of GDP),SH.XPD.CHEX.GD.ZS,11.4886446,11.10239792,11.56155682,11.55650234,12.00061035,18.17031097,..,..,,
Nepal,NPL,"Population, total",SP.POP.TOTL,28011258,28079689,28414064,28966574,29475010,29715436,29694614,..,,
Nepal,NPL,GDP (current US$),NY.GDP.MKTP.CD,28971588940,33111525237,34186180699,33433659301,36924841394,41182939601,40908073367,..,,
Nepal,NPL,Current health expenditure (% of GDP),SH.XPD.CHEX.GD.ZS,4.72170973,4.52808428,4.44524717,5.2080965,5.32333136,6.65589333,..,..,,
Netherlands,NLD,"Population, total",SP.POP.TOTL,17131296,17231624,17344874,17441500,17533044,17700982,17877117,..,,
Netherlands,NLD,GDP (current US$),NY.GDP.MKTP.CD,8.48234E+11,9.29734E+11,9.28903E+11,9.32561E+11,1.05447E+12,1.04654E+12,1.15436E+12,..,,
Netherlands,NLD,Current health expenditure (% of GDP),SH.XPD.CHEX.GD.ZS,10.1082983,10.01993561,10.14039612,11.22355747,11.12490749,10.10068321,..,..,,
New Caledonia,NCL,"Population, total",SP.POP.TOTL,283546,283541,283606,284176,285214,287123,289870,..,,
New Caledonia,NCL,GDP (current US$),NY.GDP.MKTP.CD,9174048682,9896402284,9475655325,9454629468,10071349664,9623318718,..,..,,
New Caledonia,NCL,Current health expenditure (% of GDP),SH.XPD.CHEX.GD.ZS,..,..,..,..,..,..,..,..,,
New Zealand,NZL,"Population, total",SP.POP.TOTL,4813600,4900600,4979200,5090200,5111300,5117200,5223100,..,,
New Zealand,NZL,GDP (current US$),NY.GDP.MKTP.CD,2.06567E+11,2.11847E+11,2.12847E+11,2.12698E+11,2.53644E+11,2.46734E+11,2.52176E+11,..,,
New Zealand,NZL,Current health expenditure (% of GDP),SH.XPD.CHEX.GD.ZS,8.9698782,9.03810501,9.50996971,10.05994129,10.0194025,10.02858067,..,..,,
Nicaragua,NIC,"Population, total",SP.POP.TOTL,6316231,6400080,6483657,6565267,6644741,6730654,6823613,..,,
Nicaragua,NIC,GDP (current US$),NY.GDP.MKTP.CD,13785924216,13025234821,12699028890,12681569254,14144060853,15649897117,17829218219,..,,
Nicaragua,NIC,Current health expenditure (% of GDP),SH.XPD.CHEX.GD.ZS,8.32754421,8.4993515,8.50037098,8.58996105,9.59249973,8.95364857,..,..,,
Niger,NER,"Population, total",SP.POP.TOTL,21435446,22188069,22947757,23717613,24502140,25311973,26159867,..,,
Niger,NER,GDP (current US$),NY.GDP.MKTP.CD,11185104252,12837307497,12889555561,13744653103,14915002436,15433852712,16819170421,..,,
Niger,NER,Current health expenditure (% of GDP),SH.XPD.CHEX.GD.ZS,5.57609606,5.30310822,5.66642094,6.17007589,5.81452751,4.35259724,..,..,,
Nigeria,NGA,"Population, total",SP.POP.TOTL,200254579,204938755,209485641,213996181,218529286,223150896,227882945,..,,
Nigeria,NGA,GDP (current US$),NY.GDP.MKTP.CD,3.75746E+11,4.21739E+11,4.74517E+11,4.32199E+11,4.40834E+11,4.77403E+11,3.63846E+11,..,,
Nigeria,NGA,Current health expenditure (% of GDP),SH.XPD.CHEX.GD.ZS,3.74762511,3.09069347,2.98547053,3.38063431,4.07625723,4.27090406,..,..,,
North Macedonia,MKD,"Population, total",SP.POP.TOTL,1898657,1889051,1876262,1856124,1837114,1831712,1827816,..,,
North Macedonia,MKD,GDP (current US$),NY.GDP.MKTP.CD,11307067070,12683068114,12606338449,12361036914,14000283827,13932436550,15763621848,..,,
North Macedonia,MKD,Current health expenditure (% of GDP),SH.XPD.CHEX.GD.ZS,6.43909454,6.45699358,7.06654119,7.73212385,8.5240345,7.6204114,..,..,,
Northern Mariana Islands,MNP,"Population, total",SP.POP.TOTL,49959,49077,48129,47528,46979,46078,45143,..,,
Northern Mariana Islands,MNP,GDP (current US$),NY.GDP.MKTP.CD,1560000000,1301000000,1179000000,866000000,914000000,1096000000,..,..,,
Northern Mariana Islands,MNP,Current health expenditure (% of GDP),SH.XPD.CHEX.GD.ZS,..,..,..,..,..,..,..,..,,
Norway,NOR,"Population, total",SP.POP.TOTL,5276968,5311916,5347896,5379475,5408320,5457127,5519594,..,,
Norway,NOR,GDP (current US$),NY.GDP.MKTP.CD,4.01745E+11,4.39789E+11,4.08743E+11,3.67633E+11,5.03368E+11,5.93727E+11,4.85311E+11,..,,
Norway,NOR,Current health expenditure (% of GDP),SH.XPD.CHEX.GD.ZS,10.22983646,9.96037865,10.43807507,11.42416382,9.8142643,7.94803333,..,..,,
Oman,OMN,"Population, total",SP.POP.TOTL,4537396,4597877,4591241,4522497,4500424,4730226,5049269,..,,
Oman,OMN,GDP (current US$),NY.GDP.MKTP.CD,80856697009,91505851756,88060858257,75909492848,87323797139,1.11944E+11,1.08811E+11,..,,
Oman,OMN,Current health expenditure (% of GDP),SH.XPD.CHEX.GD.ZS,3.95418668,3.21469474,3.80648994,5.11922884,4.37028217,2.9162159,..,..,,
Pakistan,PAK,"Population, total",SP.POP.TOTL,223273967,226928892,230800899,235001746,239477801,243700667,247504495,..,,
Pakistan,PAK,GDP (current US$),NY.GDP.MKTP.CD,3.39206E+11,3.56128E+11,3.20909E+11,3.00426E+11,3.48517E+11,3.7489E+11,3.37912E+11,..,,
Pakistan,PAK,Current health expenditure (% of GDP),SH.XPD.CHEX.GD.ZS,2.7863009,2.82844949,2.84736943,2.95273018,2.99015832,2.90434051,..,..,,
Palau,PLW,"Population, total",SP.POP.TOTL,17812,17814,17798,17792,17783,17759,17727,..,,
Palau,PLW,GDP (current US$),NY.GDP.MKTP.CD,285600000,288546281.3,281941562.5,258990843.8,235752906.3,255591062.5,281849062.5,..,,
Palau,PLW,Current health expenditure (% of GDP),SH.XPD.CHEX.GD.ZS,10.90419006,11.06327057,12.14718533,13.33730412,14.62713623,14.28555965,..,..,,
Panama,PAN,"Population, total",SP.POP.TOTL,4098707,4167860,4234700,4293261,4345405,4400773,4458759,..,,
Panama,PAN,GDP (current US$),NY.GDP.MKTP.CD,64327688800,67316471200,69778991200,57059846500,67396392500,76276116700,83318176900,..,,
Panama,PAN,Current health expenditure (% of GDP),SH.XPD.CHEX.GD.ZS,7.16492653,7.60132933,8.13541794,10.21630001,9.13571072,8.46561432,..,..,,
Papua New Guinea,PNG,"Population, total",SP.POP.TOTL,9178714,9394513,9609010,9815746,10012896,10203169,10389635,..,,
Papua New Guinea,PNG,GDP (current US$),NY.GDP.MKTP.CD,22742699138,24109780708,24750626041,23848447850,26109413522,31647277767,30729242919,..,,
Papua New Guinea,PNG,Current health expenditure (% of GDP),SH.XPD.CHEX.GD.ZS,2.22970986,2.30051899,2.3253386,2.30193973,2.33994722,2.61825109,..,..,,
Paraguay,PRY,"Population, total",SP.POP.TOTL,6338660,6427382,6515058,6603739,6684182,6760464,6844146,..,,
Paraguay,PRY,GDP (current US$),NY.GDP.MKTP.CD,38997129474,40225448341,37925338329,35432178068,39950899939,41952910858,42956263544,..,,
Paraguay,PRY,Current health expenditure (% of GDP),SH.XPD.CHEX.GD.ZS,6.60902548,6.74497652,7.16081905,7.67533064,8.03277016,7.73804235,..,..,,
Peru,PER,"Population, total",SP.POP.TOTL,31324637,31897584,32449303,32838579,33155882,33475438,33845617,..,,
Peru,PER,GDP (current US$),NY.GDP.MKTP.CD,2.11008E+11,2.22597E+11,2.28346E+11,2.0141E+11,2.26354E+11,2.46489E+11,2.67603E+11,..,,
Peru,PER,Current health expenditure (% of GDP),SH.XPD.CHEX.GD.ZS,4.82783127,5.09981441,5.1381588,6.36273861,6.67921352,6.0930872,..,..,,
Philippines,PHL,"Population, total",SP.POP.TOTL,108119693,109465287,110804683,112081264,113100950,113964338,114891199,..,,
Philippines,PHL,GDP (current US$),NY.GDP.MKTP.CD,3.28481E+11,3.46842E+11,3.76823E+11,3.61751E+11,3.94087E+11,4.04353E+11,4.37146E+11,..,,
Philippines,PHL,Current health expenditure (% of GDP),SH.XPD.CHEX.GD.ZS,3.96042776,3.9538188,4.16646004,5.16214037,5.97500563,5.15676308,5.10629606,..,,
Poland,POL,"Population, total",SP.POP.TOTL,37974826,37974750,37965475,37899070,36981559,36821749,36687353,..,,
Poland,POL,GDP (current US$),NY.GDP.MKTP.CD,5.28357E+11,5.94617E+11,6.02684E+11,6.05914E+11,6.8917E+11,6.95607E+11,8.09201E+11,..,,
Poland,POL,Current health expenditure (% of GDP),SH.XPD.CHEX.GD.ZS,6.58342791,6.3129096,6.46008492,6.49677992,6.43857718,6.39626455,7.00451565,..,,
Portugal,PRT,"Population, total",SP.POP.TOTL,10300300,10283822,10286263,10297081,10361831,10434332,10578174,..,,
Portugal,PRT,GDP (current US$),NY.GDP.MKTP.CD,2.20863E+11,2.42093E+11,2.40116E+11,2.29619E+11,2.56056E+11,2.56899E+11,2.89114E+11,..,,
Portugal,PRT,Current health expenditure (% of GDP),SH.XPD.CHEX.GD.ZS,9.30583763,9.4126482,9.51379871,10.54770088,11.1236763,10.46883011,10.00331116,..,,
Puerto Rico,PRI,"Population, total",SP.POP.TOTL,3325286,3193354,3193694,3281557,3262693,3220113,3205691,..,,
Puerto Rico,PRI,GDP (current US$),NY.GDP.MKTP.CD,1.03446E+11,1.00958E+11,1.05126E+11,1.03131E+11,1.06427E+11,1.13567E+11,1.17902E+11,..,,
Puerto Rico,PRI,Current health expenditure (% of GDP),SH.XPD.CHEX.GD.ZS,..,..,..,..,..,..,..,..,,
Qatar,QAT,"Population, total",SP.POP.TOTL,2545820,2580734,2638657,2794148,2504910,2657333,2656032,..,,
Qatar,QAT,GDP (current US$),NY.GDP.MKTP.CD,1.61099E+11,1.83335E+11,1.76371E+11,1.44411E+11,1.79732E+11,2.35709E+11,2.13003E+11,..,,
Qatar,QAT,Current health expenditure (% of GDP),SH.XPD.CHEX.GD.ZS,3.21237087,2.96176219,3.18468714,3.81872201,2.8927927,2.18112326,..,..,,
Romania,ROU,"Population, total",SP.POP.TOTL,19588715,19473970,19371648,19265250,19122059,19048502,19059479,..,,
Romania,ROU,GDP (current US$),NY.GDP.MKTP.CD,2.10147E+11,2.43469E+11,2.51677E+11,2.52034E+11,2.86578E+11,2.96354E+11,3.50776E+11,..,,
Romania,ROU,Current health expenditure (% of GDP),SH.XPD.CHEX.GD.ZS,5.1887908,5.51800871,5.7142148,6.22618055,6.46980715,5.7490139,..,..,,
Russian Federation,RUS,"Population, total",SP.POP.TOTL,145293260,145398106,145453291,145245148,144746762,144236933,143826130,..,,
Russian Federation,RUS,GDP (current US$),NY.GDP.MKTP.CD,1.5742E+12,1.65733E+12,1.69312E+12,1.49308E+12,1.84339E+12,2.26603E+12,2.02142E+12,..,,
Russian Federation,RUS,Current health expenditure (% of GDP),SH.XPD.CHEX.GD.ZS,5.35889816,5.35520792,5.64849091,8.04076004,6.97584295,6.91986275,..,..,,
Rwanda,RWA,"Population, total",SP.POP.TOTL,12202060,12487996,12776103,13065837,13355260,13651030,13954471,..,,
Rwanda,RWA,GDP (current US$),NY.GDP.MKTP.CD,9252834336,9637904655,10349300380,10174387374,11069280650,13316160895,14097768472,..,,
Rwanda,RWA,Current health expenditure (% of GDP),SH.XPD.CHEX.GD.ZS,6.3665309,6.65483093,6.26708555,7.48696899,7.30378389,7.8792119,..,..,,
Samoa,WSM,"Population, total",SP.POP.TOTL,205415,207582,209780,211944,213779,215261,216663,..,,
Samoa,WSM,GDP (current US$),NY.GDP.MKTP.CD,884844384.5,878448433.4,912950466.1,868898358.3,843923638.7,832945205.6,938189443.8,..,,
Samoa,WSM,Current health expenditure (% of GDP),SH.XPD.CHEX.GD.ZS,5.16346788,4.7755332,5.64748573,6.18667269,6.81255674,6.3012085,..,..,,
San Marino,SMR,"Population, total",SP.POP.TOTL,33825,34522,34663,34770,34252,33755,33860,..,,
San Marino,SMR,GDP (current US$),NY.GDP.MKTP.CD,1528620346,1655353653,1616232125,1544714493,1855396000,1831700577,..,..,,
San Marino,SMR,Current health expenditure (% of GDP),SH.XPD.CHEX.GD.ZS,8.25972271,8.2778492,8.14801598,8.48147392,7.51272249,7.40650225,..,..,,
Sao Tome and Principe,STP,"Population, total",SP.POP.TOTL,206970,210187,213392,217435,221961,226305,230871,..,,
Sao Tome and Principe,STP,GDP (current US$),NY.GDP.MKTP.CD,322002845.2,383717327.8,412976082.6,471229484.6,524402455.5,540809499.2,678976264.8,..,,
Sao Tome and Principe,STP,Current health expenditure (% of GDP),SH.XPD.CHEX.GD.ZS,7.46631384,5.91960287,5.48078823,7.32044411,7.85889721,7.46419811,..,..,,
Saudi Arabia,SAU,"Population, total",SP.POP.TOTL,30977355,30196281,30063799,31552510,30784383,32175224,33264292,..,,
Saudi Arabia,SAU,GDP (current US$),NY.GDP.MKTP.CD,7.14995E+11,8.46584E+11,8.38565E+11,7.34271E+11,8.74156E+11,1.10857E+12,1.06758E+12,..,,
Saudi Arabia,SAU,Current health expenditure (% of GDP),SH.XPD.CHEX.GD.ZS,6.03126049,5.34062767,5.46743679,6.64630127,5.93034029,4.62462378,..,..,,
Senegal,SEN,"Population, total",SP.POP.TOTL,15475002,15914498,16352922,16789219,17220867,17651103,18077573,..,,
Senegal,SEN,GDP (current US$),NY.GDP.MKTP.CD,20996562944,23116701556,23403995992,24530513038,27520784130,27619479060,30848333084,..,,
Senegal,SEN,Current health expenditure (% of GDP),SH.XPD.CHEX.GD.ZS,4.16359377,4.43182087,4.49531031,5.15119171,4.44256258,4.06358385,..,..,,
Serbia,SRB,"Population, total",SP.POP.TOTL,7020858,6982604,6945235,6899126,6834326,6664449,6623183,..,,
Serbia,SRB,GDP (current US$),NY.GDP.MKTP.CD,45972834714,52787520249,53864693665,55874017669,66159884073,66797564758,81342660752,..,,
Serbia,SRB,Current health expenditure (% of GDP),SH.XPD.CHEX.GD.ZS,8.22039318,8.53168106,8.66552734,8.70042229,10.00950623,9.65742779,..,..,,
Seychelles,SYC,"Population, total",SP.POP.TOTL,95843,96762,97625,98462,99258,119878,119773,..,,
Seychelles,SYC,GDP (current US$),NY.GDP.MKTP.CD,1675370641,1784313927,1868690097,1382551752,1487173795,2057968520,2141450171,..,,
Seychelles,SYC,Current health expenditure (% of GDP),SH.XPD.CHEX.GD.ZS,4.47661018,4.56915951,4.35729456,6.03121805,5.20266438,4.2375164,..,..,,
Sierra Leone,SLE,"Population, total",SP.POP.TOTL,7379299,7554563,7731991,7912558,8094602,8276807,8460512,..,,
Sierra Leone,SLE,GDP (current US$),NY.GDP.MKTP.CD,5818480352,6390514689,6523577590,6688594758,7165214368,7119137322,6411869546,..,,
Sierra Leone,SLE,Current health expenditure (% of GDP),SH.XPD.CHEX.GD.ZS,9.3997612,8.28987598,9.12992668,9.32588673,8.55334377,7.94752312,..,..,,
Singapore,SGP,"Population, total",SP.POP.TOTL,5612253,5638676,5703569,5685807,5453566,5637022,5917648,..,,
Singapore,SGP,GDP (current US$),NY.GDP.MKTP.CD,3.43257E+11,3.76893E+11,3.76902E+11,3.49488E+11,4.34112E+11,4.98475E+11,5.01428E+11,..,,
Singapore,SGP,Current health expenditure (% of GDP),SH.XPD.CHEX.GD.ZS,4.31881618,4.01883841,4.35299158,5.61608791,5.16690779,4.89702511,..,..,,
Sint Maarten (Dutch part),SXM,"Population, total",SP.POP.TOTL,38996,39712,40385,41008,41571,42139,42749,..,,
Sint Maarten (Dutch part),SXM,GDP (current US$),NY.GDP.MKTP.CD,1353212123,1259200447,1407880447,1236428101,1353071061,1537088715,1627776949,..,,
Sint Maarten (Dutch part),SXM,Current health expenditure (% of GDP),SH.XPD.CHEX.GD.ZS,..,..,..,..,..,..,..,..,,
Slovak Republic,SVK,"Population, total",SP.POP.TOTL,5439232,5446771,5454147,5458827,5447247,5431752,5426740,..,,
Slovak Republic,SVK,GDP (current US$),NY.GDP.MKTP.CD,95978130735,1.06612E+11,1.05843E+11,1.07733E+11,1.20592E+11,1.15929E+11,1.32908E+11,..,,
Slovak Republic,SVK,Current health expenditure (% of GDP),SH.XPD.CHEX.GD.ZS,6.75699091,6.66639853,6.91964769,7.12650204,7.75624657,7.73064041,..,..,,
Slovenia,SVN,"Population, total",SP.POP.TOTL,2066388,2073894,2088385,2102419,2108079,2112076,2120461,..,,
Slovenia,SVN,GDP (current US$),NY.GDP.MKTP.CD,48153200135,53689067640,53909922736,53384760135,61529280461,59927702746,69148468417,..,,
Slovenia,SVN,Current health expenditure (% of GDP),SH.XPD.CHEX.GD.ZS,8.18480873,8.27693176,8.49057198,9.42807865,9.48055363,9.60507679,9.41330814,..,,
Solomon Islands,SLB,"Population, total",SP.POP.TOTL,685672,709101,728147,744498,762591,781066,800005,..,,
Solomon Islands,SLB,GDP (current US$),NY.GDP.MKTP.CD,1469789119,1615478393,1619155017,1536145814,1522794913,1566360686,1633319401,..,,
Solomon Islands,SLB,Current health expenditure (% of GDP),SH.XPD.CHEX.GD.ZS,4.16556406,3.86440825,4.43728065,4.89478445,4.94758463,4.82369328,..,..,,
Somalia,SOM,"Population, total",SP.POP.TOTL,14916629,15452487,16030971,16651191,17271431,17801897,18358615,..,,
Somalia,SOM,GDP (current US$),NY.GDP.MKTP.CD,7621501720,7873440838,8655023960,8628393720,9483997404,10202767270,10968517090,..,,
Somalia,SOM,Current health expenditure (% of GDP),SH.XPD.CHEX.GD.ZS,2.4336102,2.37169838,2.19059515,2.24750042,2.56882048,2.62183189,..,..,,
South Africa,ZAF,"Population, total",SP.POP.TOTL,57635162,58613001,59587885,60562381,61502603,62378410,63212384,..,,
South Africa,ZAF,GDP (current US$),NY.GDP.MKTP.CD,3.81449E+11,4.05261E+11,3.8933E+11,3.37975E+11,4.20887E+11,4.0692E+11,3.80699E+11,..,,
South Africa,ZAF,Current health expenditure (% of GDP),SH.XPD.CHEX.GD.ZS,7.97711229,8.08196545,8.24652576,9.01329231,8.67432785,8.77086639,..,..,,
South Sudan,SSD,"Population, total",SP.POP.TOTL,10259154,10122977,10423384,10698467,10865780,11021177,11483374,..,,
South Sudan,SSD,GDP (current US$),NY.GDP.MKTP.CD,..,..,..,..,..,..,..,..,,
South Sudan,SSD,Current health expenditure (% of GDP),SH.XPD.CHEX.GD.ZS,15.957304,10.05650043,9.03741074,9.31798267,6.25598812,6.76125622,..,..,,
Spain,ESP,"Population, total",SP.POP.TOTL,46593236,46797754,47134837,47365655,47415794,47759127,48347910,..,,
Spain,ESP,GDP (current US$),NY.GDP.MKTP.CD,1.32175E+12,1.43164E+12,1.4035E+12,1.28978E+12,1.46124E+12,1.4465E+12,1.62009E+12,..,,
Spain,ESP,Current health expenditure (% of GDP),SH.XPD.CHEX.GD.ZS,8.94652462,8.9985857,9.1348772,10.73210335,10.30862141,9.73828793,..,..,,
Sri Lanka,LKA,"Population, total",SP.POP.TOTL,21444000,21670000,21803000,21919000,22156000,22181000,22037000,..,,
Sri Lanka,LKA,GDP (current US$),NY.GDP.MKTP.CD,94376237797,94493871201,89014978344,84304298771,88609324902,74144870023,84356863744,..,,
Sri Lanka,LKA,Current health expenditure (% of GDP),SH.XPD.CHEX.GD.ZS,3.33093429,3.6418879,3.89904952,4.06134748,4.02830219,4.36269855,..,..,,
St. Kitts and Nevis,KNA,"Population, total",SP.POP.TOTL,47050,47008,46952,46870,46763,46709,46758,..,,
St. Kitts and Nevis,KNA,GDP (current US$),NY.GDP.MKTP.CD,1056977778,1076548148,1107855556,883922222.2,858622222.2,981429629.6,1055499778,..,,
St. Kitts and Nevis,KNA,Current health expenditure (% of GDP),SH.XPD.CHEX.GD.ZS,5.27126026,4.89536953,5.19051361,5.66188908,6.17941952,5.56801701,..,..,,
St. Lucia,LCA,"Population, total",SP.POP.TOTL,176342,177017,177661,178250,178522,178781,179285,..,,
St. Lucia,LCA,GDP (current US$),NY.GDP.MKTP.CD,1998518519,2060962963,2095370370,1499296296,1867185185,2342703704,2430148148,..,,
St. Lucia,LCA,Current health expenditure (% of GDP),SH.XPD.CHEX.GD.ZS,4.36800241,4.17934036,4.17375898,6.75983715,5.67880821,5.01938295,..,..,,
St. Martin (French part),MAF,"Population, total",SP.POP.TOTL,36837,36012,34267,31786,29961,28870,27515,..,,
St. Martin (French part),MAF,GDP (current US$),NY.GDP.MKTP.CD,..,..,652206037.1,..,649206262.8,..,..,..,,
St. Martin (French part),MAF,Current health expenditure (% of GDP),SH.XPD.CHEX.GD.ZS,..,..,..,..,..,..,..,..,,
St. Vincent and the Grenadines,VCT,"Population, total",SP.POP.TOTL,105663,104926,104167,103526,102841,102046,101323,..,,
St. Vincent and the Grenadines,VCT,GDP (current US$),NY.GDP.MKTP.CD,844040740.7,884329629.6,910766666.7,869111111.1,872225925.9,966492592.6,1065962963,..,,
St. Vincent and the Grenadines,VCT,Current health expenditure (% of GDP),SH.XPD.CHEX.GD.ZS,4.22985649,4.25346231,4.25543451,4.8395834,5.36252117,4.68767738,..,..,,
Sudan,SDN,"Population, total",SP.POP.TOTL,42714306,44230596,45548175,46789231,48066924,49383346,50042791,..,,
Sudan,SDN,GDP (current US$),NY.GDP.MKTP.CD,41283617976,32333780383,32338079165,27034593750,34229513775,51666875363,1.09266E+11,..,,
Sudan,SDN,Current health expenditure (% of GDP),SH.XPD.CHEX.GD.ZS,5.91767406,4.46358299,4.57118368,3.00965381,2.83127832,4.61874437,..,..,,
Suriname,SUR,"Population, total",SP.POP.TOTL,593713,599513,605768,612317,617896,623164,628886,..,,
Suriname,SUR,GDP (current US$),NY.GDP.MKTP.CD,3591679431,3996198867,4016040575,2911807496,3107923198,3791603200,3455146281,..,,
Suriname,SUR,Current health expenditure (% of GDP),SH.XPD.CHEX.GD.ZS,5.32285929,6.68946934,8.52921391,6.67584229,5.46009398,5.91760969,..,..,,
Sweden,SWE,"Population, total",SP.POP.TOTL,10057698,10175214,10278887,10353442,10415811,10486941,10536632,..,,
Sweden,SWE,GDP (current US$),NY.GDP.MKTP.CD,5.36084E+11,5.51312E+11,5.32169E+11,5.45148E+11,6.37187E+11,5.79896E+11,5.8496E+11,..,,
Sweden,SWE,Current health expenditure (% of GDP),SH.XPD.CHEX.GD.ZS,10.78509998,10.94106293,10.83224297,11.33296967,11.10180569,10.49857044,10.88682365,..,,
Switzerland,CHE,"Population, total",SP.POP.TOTL,8451840,8514329,8575280,8638167,8704546,8777088,8888093,..,,
Switzerland,CHE,GDP (current US$),NY.GDP.MKTP.CD,6.95201E+11,7.25569E+11,7.21369E+11,7.41999E+11,8.13409E+11,8.18427E+11,8.8494E+11,..,,
Switzerland,CHE,Current health expenditure (% of GDP),SH.XPD.CHEX.GD.ZS,11.41294861,11.19891071,11.42588997,12.00404072,12.00465584,11.70653343,..,..,,
Syrian Arab Republic,SYR,"Population, total",SP.POP.TOTL,19224668,19577845,20353534,21049429,21628839,22462173,23594623,..,,
Syrian Arab Republic,SYR,GDP (current US$),NY.GDP.MKTP.CD,16369843352,21497782868,22583045060,12047752036,14353205678,23622827080,..,..,,
Syrian Arab Republic,SYR,Current health expenditure (% of GDP),SH.XPD.CHEX.GD.ZS,3.81525493,3.86612964,3.94000149,3.71555972,4.70613527,4.15098715,..,..,,
Tajikistan,TJK,"Population, total",SP.POP.TOTL,9085946,9307333,9529966,9749310,9966908,10182222,10389799,..,,
Tajikistan,TJK,GDP (current US$),NY.GDP.MKTP.CD,7536402853,7764999999,8300813599,8133963551,8937805347,10713525200,12060602009,..,,
Tajikistan,TJK,Current health expenditure (% of GDP),SH.XPD.CHEX.GD.ZS,6.85399008,7.01381588,6.9476676,8.8903532,8.37504482,7.62917423,..,..,,
Tanzania,TZA,"Population, total",SP.POP.TOTL,55652890,57437145,59174891,60972798,62830412,64711821,66617606,..,,
Tanzania,TZA,GDP (current US$),NY.GDP.MKTP.CD,53274884533,57003712892,61026731926,66068737786,70655628148,75769974505,79062403821,..,,
Tanzania,TZA,Current health expenditure (% of GDP),SH.XPD.CHEX.GD.ZS,4.07779312,4.32878637,4.02387333,3.05195832,3.47258258,3.1119566,..,..,,
Thailand,THA,"Population, total",SP.POP.TOTL,71160187,71376079,71522271,71641484,71727332,71735329,71702435,..,,
Thailand,THA,GDP (current US$),NY.GDP.MKTP.CD,4.56357E+11,5.06754E+11,5.43977E+11,5.00462E+11,5.06256E+11,4.95645E+11,5.14969E+11,..,,
Thailand,THA,Current health expenditure (% of GDP),SH.XPD.CHEX.GD.ZS,3.85276842,3.87040329,3.78911877,4.35724688,5.15337038,5.35470581,..,..,,
Timor-Leste,TLS,"Population, total",SP.POP.TOTL,1251703,1275959,1300945,1326053,1350139,1369295,1384286,..,,
Timor-Leste,TLS,GDP (current US$),NY.GDP.MKTP.CD,1584878400,1555988600,2032550400,2162619200,3624889700,3208594000,2079916900,..,,
Timor-Leste,TLS,Current health expenditure (% of GDP),SH.XPD.CHEX.GD.ZS,6.75752544,6.36952639,6.02679253,9.93865013,11.43105984,14.32454681,..,..,,
Togo,TGO,"Population, total",SP.POP.TOTL,8057140,8258778,8463068,8669720,8878379,9089738,9304337,..,,
Togo,TGO,GDP (current US$),NY.GDP.MKTP.CD,6387422518,7029300383,6992700101,7400284168,8342243646,8169476149,9171261838,..,,
Togo,TGO,Current health expenditure (% of GDP),SH.XPD.CHEX.GD.ZS,6.50210476,6.16073656,5.91268635,6.18928432,5.6165967,6.04134083,..,..,,
Tonga,TON,"Population, total",SP.POP.TOTL,105356,105567,105669,105704,105490,105042,104597,..,,
Tonga,TON,GDP (current US$),NY.GDP.MKTP.CD,459976850.3,489714518,494197841.1,496856295.8,518228012.1,518180042.2,..,..,,
Tonga,TON,Current health expenditure (% of GDP),SH.XPD.CHEX.GD.ZS,5.49119568,5.98711967,5.42394543,5.56259537,7.63286686,8.13607597,..,..,,
Trinidad and Tobago,TTO,"Population, total",SP.POP.TOTL,1356633,1359193,1363985,1366725,1367558,1365805,1367510,..,,
Trinidad and Tobago,TTO,GDP (current US$),NY.GDP.MKTP.CD,24040211327,24569257295,23775659263,20807716174,24496397205,30053446092,27372285698,..,,
Trinidad and Tobago,TTO,Current health expenditure (% of GDP),SH.XPD.CHEX.GD.ZS,6.51309872,6.46674252,6.85251093,7.48661852,7.12624598,6.43106365,..,..,,
Tunisia,TUN,"Population, total",SP.POP.TOTL,11650498,11765514,11875081,11974057,12048622,12119334,12200431,..,,
Tunisia,TUN,GDP (current US$),NY.GDP.MKTP.CD,42163530591,42686504460,41905642419,42491780918,46812290143,44579761023,48529595417,..,,
Tunisia,TUN,Current health expenditure (% of GDP),SH.XPD.CHEX.GD.ZS,6.18557453,5.9375186,6.02461243,7.05022287,6.97669458,6.96380186,..,..,,
Turkiye,TUR,"Population, total",SP.POP.TOTL,80312698,81407204,82579440,83384680,84147318,84979913,85325965,..,,
Turkiye,TUR,GDP (current US$),NY.GDP.MKTP.CD,8.58988E+11,7.78972E+11,7.61006E+11,7.20338E+11,8.19865E+11,9.07118E+11,1.11825E+12,..,,
Turkiye,TUR,Current health expenditure (% of GDP),SH.XPD.CHEX.GD.ZS,4.17974997,4.12101603,4.35954332,4.61640215,4.56065559,3.70338893,..,..,,
Turkmenistan,TKM,"Population, total",SP.POP.TOTL,6507061,6655524,6803944,6949912,7092043,7230193,7364438,..,,
Turkmenistan,TKM,GDP (current US$),NY.GDP.MKTP.CD,37926285714,40765428571,45232857143,45818000000,50007428571,58972000000,60628857143,..,,
Turkmenistan,TKM,Current health expenditure (% of GDP),SH.XPD.CHEX.GD.ZS,5.82361221,5.55298042,5.5522337,5.57226086,5.49196625,5.37103748,..,..,,
Turks and Caicos Islands,TCA,"Population, total",SP.POP.TOTL,39913,41559,43166,44386,45243,45847,46198,..,,
Turks and Caicos Islands,TCA,GDP (current US$),NY.GDP.MKTP.CD,1028941663,1128749005,1177285212,774653669.3,1045782454,1228794383,1402054391,..,,
Turks and Caicos Islands,TCA,Current health expenditure (% of GDP),SH.XPD.CHEX.GD.ZS,..,..,..,..,..,..,..,..,,
Tuvalu,TUV,"Population, total",SP.POP.TOTL,10869,10751,10581,10399,10194,9992,9816,..,,
Tuvalu,TUV,GDP (current US$),NY.GDP.MKTP.CD,45276595.35,48015259.88,54123198.57,51746594.31,60196405.71,59065982.09,62280311.59,..,,
Tuvalu,TUV,Current health expenditure (% of GDP),SH.XPD.CHEX.GD.ZS,24.07940674,18.36379242,22.02993393,18.59855461,19.54603577,18.38210106,..,..,,
Uganda,UGA,"Population, total",SP.POP.TOTL,40177388,41565831,42999637,44457152,45910930,47312719,48656601,..,,
Uganda,UGA,GDP (current US$),NY.GDP.MKTP.CD,30744473841,32927025620,35348155095,37600368242,40529788749,45565333211,48768955863,..,,
Uganda,UGA,Current health expenditure (% of GDP),SH.XPD.CHEX.GD.ZS,3.99852037,4.02143908,3.79371166,5.23698568,5.48128128,4.39089251,..,..,,
Ukraine,UKR,"Population, total",SP.POP.TOTL,45436041,45208907,44957458,44680014,44298640,41048766,37732836,..,,
Ukraine,UKR,GDP (current US$),NY.GDP.MKTP.CD,1.12091E+11,1.30891E+11,1.53883E+11,1.56618E+11,1.99766E+11,1.6199E+11,1.78757E+11,..,,
Ukraine,UKR,Current health expenditure (% of GDP),SH.XPD.CHEX.GD.ZS,7.44187737,7.51989269,7.09175062,7.56217051,8.2027483,..,..,..,,
United Arab Emirates,ARE,"Population, total",SP.POP.TOTL,9223225,9346701,9445785,9401038,9575152,10074977,10483751,..,,
United Arab Emirates,ARE,GDP (current US$),NY.GDP.MKTP.CD,3.90517E+11,4.27049E+11,4.1799E+11,3.49473E+11,4.15179E+11,5.02732E+11,5.1413E+11,..,,
United Arab Emirates,ARE,Current health expenditure (% of GDP),SH.XPD.CHEX.GD.ZS,4.00854969,4.09854221,4.40291262,5.82477045,5.30494308,4.67550945,..,..,,
United Kingdom,GBR,"Population, total",SP.POP.TOTL,66058859,66460344,66836327,67081234,67026292,67791000,68350000,..,,
United Kingdom,GBR,GDP (current US$),NY.GDP.MKTP.CD,2.68015E+12,2.87134E+12,2.85141E+12,2.69678E+12,3.14332E+12,3.11404E+12,3.38085E+12,..,,
United Kingdom,GBR,Current health expenditure (% of GDP),SH.XPD.CHEX.GD.ZS,9.60016823,9.73837566,9.95388126,11.96547699,12.01903439,11.05087757,10.872015,..,,
United States,USA,"Population, total",SP.POP.TOTL,325122128,326838199,328329953,331526933,332048977,333271411,334914895,..,,
United States,USA,GDP (current US$),NY.GDP.MKTP.CD,1.96121E+13,2.06565E+13,2.154E+13,2.13541E+13,2.36812E+13,2.60069E+13,2.77207E+13,..,,
United States,USA,Current health expenditure (% of GDP),SH.XPD.CHEX.GD.ZS,16.7530098,16.61530876,16.66125298,18.8132534,17.5063858,16.49613953,..,..,,
Uruguay,URY,"Population, total",SP.POP.TOTL,3388438,3394534,3397206,3398968,3396695,3390913,3388081,..,,
Uruguay,URY,GDP (current US$),NY.GDP.MKTP.CD,65006039995,65344576348,62222325807,53668636568,60760798596,70164683290,77240830877,..,,
Uruguay,URY,Current health expenditure (% of GDP),SH.XPD.CHEX.GD.ZS,8.71701717,8.90014267,9.24069118,9.06924915,8.91666222,8.94532204,..,..,,
Uzbekistan,UZB,"Population, total",SP.POP.TOTL,31819178,32373490,32964701,33586372,34243696,34938955,35652307,..,,
Uzbekistan,UZB,GDP (current US$),NY.GDP.MKTP.CD,69703222283,58695899092,67293639798,66443265418,77340060003,90095926567,1.01592E+11,..,,
Uzbekistan,UZB,Current health expenditure (% of GDP),SH.XPD.CHEX.GD.ZS,4.83789968,5.05427122,5.39747763,6.71439123,7.69774151,7.36325455,..,..,,
Vanuatu,VUT,"Population, total",SP.POP.TOTL,278507,285259,291985,298858,305868,313046,320409,..,,
Vanuatu,VUT,GDP (current US$),NY.GDP.MKTP.CD,880061833.7,914736985.4,936526267.6,909421043.5,950394006.5,1022219298,1126313359,..,,
Vanuatu,VUT,Current health expenditure (% of GDP),SH.XPD.CHEX.GD.ZS,2.88111997,3.44045591,3.49615431,4.12128973,4.54704428,4.14742947,..,..,,
"Venezuela, RB",VEN,"Population, total",SP.POP.TOTL,30565323,29807592,28938098,28444077,28237826,28213017,28300854,..,,
"Venezuela, RB",VEN,GDP (current US$),NY.GDP.MKTP.CD,..,..,..,..,..,..,..,..,,
"Venezuela, RB",VEN,Current health expenditure (% of GDP),SH.XPD.CHEX.GD.ZS,..,2.41691327,2.18563724,4.11615229,4.10222006,4.55047369,..,..,,
Viet Nam,VNM,"Population, total",SP.POP.TOTL,95176977,96237319,97173776,98079191,98935098,99680655,100352192,..,,
Viet Nam,VNM,GDP (current US$),NY.GDP.MKTP.CD,2.81354E+11,3.10106E+11,3.34365E+11,3.46616E+11,3.66475E+11,4.10324E+11,4.29717E+11,..,,
Viet Nam,VNM,Current health expenditure (% of GDP),SH.XPD.CHEX.GD.ZS,4.99014759,5.02678823,4.97407484,4.33219814,4.53756857,4.58891582,..,..,,
,,,,,,,,,,,,,
,,,,,,,,,,,,,
,,,,,,,,,,,,,
,,,,,,,,,,,,,
,,,,,,,,,,,,,
,,,,,,,,,,,,,
,,,,,,,,,,,,,
,,,,,,,,,,,,,
,,,,,,,,,,,,,
,,,,,,,,,,,,,
,,,,,,,,,,,,,
,,,,,,,,,,,,,
,,,,,,,,,,,,,
,,,,,,,,,,,,,
,,,,,,,,,,,,,
,,,,,,,,,,,,,
,,,,,,,,,,,,,
,,,,,,,,,,,,,
,,,,,,,,,,,,,
,,,,,,,,,,,,,
,,,,,,,,,,,,,
,,,,,,,,,,,,,
,,,,,,,,,,,,,
,,,,,,,,,,,,,
,,,,,,,,,,,,,
,,,,,,,,,,,,,
,,,,,,,,,,,,,
,,,,,,,,,,,,,
,,,,,,,,,,,,,
,,,,,,,,,,,,,
,,,,,,,,,,,,,
,,,,,,,,,,,,,
,,,,,,,,,,,,,
,,,,,,,,,,,,,
,,,,,,,,,,,,,
,,,,,,,,,,,,,
,,,,,,,,,,,,,
,,,,,,,,,,,,,
,,,,,,,,,,,,,
,,,,,,,,,,,,,
,,,,,,,,,,,,,
,,,,,,,,,,,,,
,,,,,,,,,,,,,
,,,,,,,,,,,,,
,,,,,,,,,,,,,
,,,,,,,,,,,,,
,,,,,,,,,,,,,
,,,,,,,,,,,,,
,,,,,,,,,,,,,
,,,,,,,,,,,,,
,,,,,,,,,,,,,
,,,,,,,,,,,,,
,,,,,,,,,,,,,
,,,,,,,,,,,,,
,,,,,,,,,,,,,
,,,,,,,,,,,,,
,,,,,,,,,,,,,
,,,,,,,,,,,,,
,,,,,,,,,,,,,
,,,,,,,,,,,,,
,,,,,,,,,,,,,
,,,,,,,,,,,,,
,,,,,,,,,,,,,
,,,,,,,,,,,,,
,,,,,,,,,,,,,
,,,,,,,,,,,,,
,,,,,,,,,,,,,
,,,,,,,,,,,,,
,,,,,,,,,,,,,
,,,,,,,,,,,,,
,,,,,,,,,,,,,
,,,,,,,,,,,,,
,,,,,,,,,,,,,
,,,,,,,,,,,,,
,,,,,,,,,,,,,
,,,,,,,,,,,,,
,,,,,,,,,,,,,
,,,,,,,,,,,,,
,,,,,,,,,,,,,
,,,,,,,,,,,,,
,,,,,,,,,,,,,
,,,,,,,,,,,,,
,,,,,,,,,,,,,
,,,,,,,,,,,,,
,,,,,,,,,,,,,
,,,,,,,,,,,,,
,,,,,,,,,,,,,
,,,,,,,,,,,,,
,,,,,,,,,,,,,
,,,,,,,,,,,,,
,,,,,,,,,,,,,
,,,,,,,,,,,,,
,,,,,,,,,,,,,
,,,,,,,,,,,,,
,,,,,,,,,,,,,
,,,,,,,,,,,,,
,,,,,,,,,,,,,
,,,,,,,,,,,,,
,,,,,,,,,,,,,
,,,,,,,,,,,,,
,,,,,,,,,,,,,
,,,,,,,,,,,,,
,,,,,,,,,,,,,
,,,,,,,,,,,,,
,,,,,,,,,,,,,
,,,,,,,,,,,,,
,,,,,,,,,,,,,
,,,,,,,,,,,,,
,,,,,,,,,,,,,
,,,,,,,,,,,,,
,,,,,,,,,,,,,
,,,,,,,,,,,,,
,,,,,,,,,,,,,
,,,,,,,,,,,,,
,,,,,,,,,,,,,
,,,,,,,,,,,,,
,,,,,,,,,,,,,
,,,,,,,,,,,,,
,,,,,,,,,,,,,
,,,,,,,,,,,,,
,,,,,,,,,,,,,
,,,,,,,,,,,,,
,,,,,,,,,,,,,
,,,,,,,,,,,,,
,,,,,,,,,,,,,
,,,,,,,,,,,,,
,,,,,,,,,,,,,
,,,,,,,,,,,,,
,,,,,,,,,,,,,
,,,,,,,,,,,,,
,,,,,,,,,,,,,
,,,,,,,,,,,,,
,,,,,,,,,,,,,
,,,,,,,,,,,,,
,,,,,,,,,,,,,
,,,,,,,,,,,,,
,,,,,,,,,,,,,
,,,,,,,,,,,,,
,,,,,,,,,,,,,
,,,,,,,,,,,,,
,,,,,,,,,,,,,
,,,,,,,,,,,,,
,,,,,,,,,,,,,
,,,,,,,,,,,,,
,,,,,,,,,,,,,
,,,,,,,,,,,,,
,,,,,,,,,,,,,
,,,,,,,,,,,,,
,,,,,,,,,,,,,
,,,,,,,,,,,,,
,,,,,,,,,,,,,
,,,,,,,,,,,,,
,,,,,,,,,,,,,
,,,,,,,,,,,,,
,,,,,,,,,,,,,
,,,,,,,,,,,,,
,,,,,,,,,,,,,
,,,,,,,,,,,,,
,,,,,,,,,,,,,
,,,,,,,,,,,,,
,,,,,,,,,,,,,
,,,,,,,,,,,,,
,,,,,,,,,,,,,
,,,,,,,,,,,,,
,,,,,,,,,,,,,
,,,,,,,,,,,,,
,,,,,,,,,,,,,
,,,,,,,,,,,,Notes from original source,License URL
,,,,,,,,,,,,,https://datacatalog.worldbank.org/public-licenses#cc-by
,,,,,,,,,,,,,https://datacatalog.worldbank.org/public-licenses#cc-by
,,,,,,,,,,,,The World Health Organization (WHO) has revised health expenditure data using the new international classification for health expenditures in the revised System of Health Accounts (SHA 2011).  WHOs Global Health Expenditure Database in this new version is the reference source for health expenditure for international comparison imbedded in a standardized framework.  The SHA 2011 clarifies the financing mechanisms and introduces new dimensions which improve the comparability of health expenditures in the perspective of universal health coverage.,https://datacatalog.worldbank.org/public-licenses#cc-by
